{"timestamp":"2026-06-11T18:21:01Z","mcp_query_count":1,"mcp_success_count":0,"mcp_failure_count":1,"mcp_tool_usage":"splunk_get_info","tool_name":"splunk_get_info","duration_ms":16688.35,"average_investigation_time":16688.35,"status":"failure","error":"[SSL: CERTIFICATE_VERIFY_FAILED] certificate verify failed: self-signed certificate in certificate chain (_ssl.c:1000)","sourcetype":"aiops-mcp-metrics"}
{"timestamp":"2026-06-11T18:21:11Z","mcp_query_count":1,"mcp_success_count":0,"mcp_failure_count":1,"mcp_tool_usage":"splunk_get_indexes","tool_name":"splunk_get_indexes","duration_ms":10005.8,"average_investigation_time":10005.8,"status":"failure","error":"[SSL: CERTIFICATE_VERIFY_FAILED] certificate verify failed: self-signed certificate in certificate chain (_ssl.c:1000)","sourcetype":"aiops-mcp-metrics"}
{"timestamp":"2026-06-11T18:21:21Z","mcp_query_count":1,"mcp_success_count":0,"mcp_failure_count":1,"mcp_tool_usage":"splunk_get_metadata","tool_name":"splunk_get_metadata","duration_ms":9111.34,"average_investigation_time":9111.34,"status":"failure","error":"[SSL: CERTIFICATE_VERIFY_FAILED] certificate verify failed: self-signed certificate in certificate chain (_ssl.c:1000)","sourcetype":"aiops-mcp-metrics"}
{"timestamp":"2026-06-11T18:21:30Z","mcp_query_count":1,"mcp_success_count":0,"mcp_failure_count":1,"mcp_tool_usage":"splunk_get_metadata","tool_name":"splunk_get_metadata","duration_ms":9278.11,"average_investigation_time":9278.11,"status":"failure","error":"[SSL: CERTIFICATE_VERIFY_FAILED] certificate verify failed: self-signed certificate in certificate chain (_ssl.c:1000)","sourcetype":"aiops-mcp-metrics"}
{"timestamp":"2026-06-11T18:21:38Z","mcp_query_count":1,"mcp_success_count":0,"mcp_failure_count":1,"mcp_tool_usage":"splunk_get_metadata","tool_name":"splunk_get_metadata","duration_ms":8586.46,"average_investigation_time":8586.46,"status":"failure","error":"[SSL: CERTIFICATE_VERIFY_FAILED] certificate verify failed: self-signed certificate in certificate chain (_ssl.c:1000)","sourcetype":"aiops-mcp-metrics"}
{"timestamp":"2026-06-11T19:03:11Z","mcp_query_count":1,"mcp_success_count":0,"mcp_failure_count":1,"mcp_tool_usage":"splunk_run_query","tool_name":"splunk_run_query","duration_ms":18479.73,"average_investigation_time":18479.73,"status":"failure","error":"","sourcetype":"aiops-mcp-metrics"}
{"timestamp":"2026-06-11T19:03:18Z","mcp_query_count":1,"mcp_success_count":0,"mcp_failure_count":1,"mcp_tool_usage":"splunk_get_info","tool_name":"splunk_get_info","duration_ms":781.52,"average_investigation_time":781.52,"status":"failure","error":"","sourcetype":"aiops-mcp-metrics"}
{"timestamp":"2026-06-11T19:03:18Z","mcp_query_count":1,"mcp_success_count":1,"mcp_failure_count":0,"mcp_tool_usage":"splunk_run_query","tool_name":"splunk_run_query","duration_ms":7749.19,"average_investigation_time":7749.19,"status":"success","sourcetype":"aiops-mcp-metrics"}
{"timestamp":"2026-06-11T19:03:24Z","mcp_query_count":1,"mcp_success_count":1,"mcp_failure_count":0,"mcp_tool_usage":"splunk_run_query","tool_name":"splunk_run_query","duration_ms":5188.09,"average_investigation_time":5188.09,"status":"success","sourcetype":"aiops-mcp-metrics"}
{"timestamp":"2026-06-11T19:08:05Z","mcp_query_count":1,"mcp_success_count":1,"mcp_failure_count":0,"mcp_tool_usage":"splunk_run_query","tool_name":"splunk_run_query","duration_ms":5158.96,"average_investigation_time":5158.96,"status":"success","sourcetype":"aiops-mcp-metrics"}
{"timestamp":"2026-06-11T19:08:08Z","mcp_query_count":1,"mcp_success_count":1,"mcp_failure_count":0,"mcp_tool_usage":"splunk_run_query","tool_name":"splunk_run_query","duration_ms":3813.22,"average_investigation_time":3813.22,"status":"success","sourcetype":"aiops-mcp-metrics"}
{"timestamp":"2026-06-11T19:08:12Z","mcp_query_count":1,"mcp_success_count":1,"mcp_failure_count":0,"mcp_tool_usage":"splunk_run_query","tool_name":"splunk_run_query","duration_ms":3738.23,"average_investigation_time":3738.23,"status":"success","sourcetype":"aiops-mcp-metrics"}
{"timestamp":"2026-06-11T19:13:04Z","mcp_query_count":1,"mcp_success_count":1,"mcp_failure_count":0,"mcp_tool_usage":"splunk_run_query","tool_name":"splunk_run_query","duration_ms":4788.11,"average_investigation_time":4788.11,"status":"success","sourcetype":"aiops-mcp-metrics"}
{"timestamp":"2026-06-11T19:13:07Z","mcp_query_count":1,"mcp_success_count":1,"mcp_failure_count":0,"mcp_tool_usage":"splunk_run_query","tool_name":"splunk_run_query","duration_ms":3236.03,"average_investigation_time":3236.03,"status":"success","sourcetype":"aiops-mcp-metrics"}
{"timestamp":"2026-06-11T19:18:11Z","mcp_query_count":1,"mcp_success_count":1,"mcp_failure_count":0,"mcp_tool_usage":"splunk_run_query","tool_name":"splunk_run_query","duration_ms":7327.36,"average_investigation_time":7327.36,"status":"success","sourcetype":"aiops-mcp-metrics"}
{"timestamp":"2026-06-11T19:18:14Z","mcp_query_count":1,"mcp_success_count":1,"mcp_failure_count":0,"mcp_tool_usage":"splunk_run_query","tool_name":"splunk_run_query","duration_ms":3164.63,"average_investigation_time":3164.63,"status":"success","sourcetype":"aiops-mcp-metrics"}
{"timestamp":"2026-06-11T19:18:17Z","mcp_query_count":1,"mcp_success_count":1,"mcp_failure_count":0,"mcp_tool_usage":"splunk_run_query","tool_name":"splunk_run_query","duration_ms":3221.01,"average_investigation_time":3221.01,"status":"success","sourcetype":"aiops-mcp-metrics"}
{"timestamp":"2026-06-11T19:23:12Z","mcp_query_count":1,"mcp_success_count":1,"mcp_failure_count":0,"mcp_tool_usage":"splunk_run_query","tool_name":"splunk_run_query","duration_ms":7093.85,"average_investigation_time":7093.85,"status":"success","sourcetype":"aiops-mcp-metrics"}
{"timestamp":"2026-06-11T19:23:16Z","mcp_query_count":1,"mcp_success_count":1,"mcp_failure_count":0,"mcp_tool_usage":"splunk_run_query","tool_name":"splunk_run_query","duration_ms":4514.92,"average_investigation_time":4514.92,"status":"success","sourcetype":"aiops-mcp-metrics"}
{"timestamp":"2026-06-11T19:23:19Z","mcp_query_count":1,"mcp_success_count":1,"mcp_failure_count":0,"mcp_tool_usage":"splunk_run_query","tool_name":"splunk_run_query","duration_ms":3237.89,"average_investigation_time":3237.89,"status":"success","sourcetype":"aiops-mcp-metrics"}
{"timestamp":"2026-06-11T19:24:05Z","mcp_query_count":1,"mcp_success_count":0,"mcp_failure_count":1,"mcp_tool_usage":"splunk_get_info","tool_name":"splunk_get_info","duration_ms":3350.59,"average_investigation_time":3350.59,"status":"failure","error":"[SSL: CERTIFICATE_VERIFY_FAILED] certificate verify failed: self-signed certificate in certificate chain (_ssl.c:1000)","sourcetype":"aiops-mcp-metrics"}
{"timestamp":"2026-06-11T19:28:09Z","mcp_query_count":1,"mcp_success_count":1,"mcp_failure_count":0,"mcp_tool_usage":"splunk_run_query","tool_name":"splunk_run_query","duration_ms":4255.66,"average_investigation_time":4255.66,"status":"success","sourcetype":"aiops-mcp-metrics"}
{"timestamp":"2026-06-11T19:28:12Z","mcp_query_count":1,"mcp_success_count":1,"mcp_failure_count":0,"mcp_tool_usage":"splunk_run_query","tool_name":"splunk_run_query","duration_ms":2670.61,"average_investigation_time":2670.61,"status":"success","sourcetype":"aiops-mcp-metrics"}
{"timestamp":"2026-06-11T19:28:15Z","mcp_query_count":1,"mcp_success_count":1,"mcp_failure_count":0,"mcp_tool_usage":"splunk_run_query","tool_name":"splunk_run_query","duration_ms":2689.79,"average_investigation_time":2689.79,"status":"success","sourcetype":"aiops-mcp-metrics"}
{"timestamp":"2026-06-11T19:33:11Z","mcp_query_count":1,"mcp_success_count":1,"mcp_failure_count":0,"mcp_tool_usage":"splunk_run_query","tool_name":"splunk_run_query","duration_ms":4241.93,"average_investigation_time":4241.93,"status":"success","sourcetype":"aiops-mcp-metrics"}
{"timestamp":"2026-06-11T19:33:15Z","mcp_query_count":1,"mcp_success_count":1,"mcp_failure_count":0,"mcp_tool_usage":"splunk_run_query","tool_name":"splunk_run_query","duration_ms":3742.42,"average_investigation_time":3742.42,"status":"success","sourcetype":"aiops-mcp-metrics"}
{"timestamp":"2026-06-11T19:33:18Z","mcp_query_count":1,"mcp_success_count":1,"mcp_failure_count":0,"mcp_tool_usage":"splunk_run_query","tool_name":"splunk_run_query","duration_ms":3156.34,"average_investigation_time":3156.34,"status":"success","sourcetype":"aiops-mcp-metrics"}
{"timestamp":"2026-06-11T19:38:13Z","mcp_query_count":1,"mcp_success_count":1,"mcp_failure_count":0,"mcp_tool_usage":"splunk_run_query","tool_name":"splunk_run_query","duration_ms":4722.05,"average_investigation_time":4722.05,"status":"success","sourcetype":"aiops-mcp-metrics"}
{"timestamp":"2026-06-11T19:38:16Z","mcp_query_count":1,"mcp_success_count":1,"mcp_failure_count":0,"mcp_tool_usage":"splunk_run_query","tool_name":"splunk_run_query","duration_ms":3176.8,"average_investigation_time":3176.8,"status":"success","sourcetype":"aiops-mcp-metrics"}
{"timestamp":"2026-06-11T19:38:20Z","mcp_query_count":1,"mcp_success_count":1,"mcp_failure_count":0,"mcp_tool_usage":"splunk_run_query","tool_name":"splunk_run_query","duration_ms":3958.98,"average_investigation_time":3958.98,"status":"success","sourcetype":"aiops-mcp-metrics"}
{"timestamp":"2026-06-11T19:43:12Z","mcp_query_count":1,"mcp_success_count":1,"mcp_failure_count":0,"mcp_tool_usage":"splunk_run_query","tool_name":"splunk_run_query","duration_ms":3155.01,"average_investigation_time":3155.01,"status":"success","sourcetype":"aiops-mcp-metrics"}
{"timestamp":"2026-06-11T19:43:15Z","mcp_query_count":1,"mcp_success_count":1,"mcp_failure_count":0,"mcp_tool_usage":"splunk_run_query","tool_name":"splunk_run_query","duration_ms":2635.75,"average_investigation_time":2635.75,"status":"success","sourcetype":"aiops-mcp-metrics"}
{"timestamp":"2026-06-11T19:43:19Z","mcp_query_count":1,"mcp_success_count":1,"mcp_failure_count":0,"mcp_tool_usage":"splunk_run_query","tool_name":"splunk_run_query","duration_ms":3788.0,"average_investigation_time":3788.0,"status":"success","sourcetype":"aiops-mcp-metrics"}
{"timestamp":"2026-06-11T19:48:16Z","mcp_query_count":1,"mcp_success_count":1,"mcp_failure_count":0,"mcp_tool_usage":"splunk_run_query","tool_name":"splunk_run_query","duration_ms":4813.09,"average_investigation_time":4813.09,"status":"success","sourcetype":"aiops-mcp-metrics"}
{"timestamp":"2026-06-11T19:48:19Z","mcp_query_count":1,"mcp_success_count":1,"mcp_failure_count":0,"mcp_tool_usage":"splunk_run_query","tool_name":"splunk_run_query","duration_ms":2652.88,"average_investigation_time":2652.88,"status":"success","sourcetype":"aiops-mcp-metrics"}
{"timestamp":"2026-06-11T19:48:22Z","mcp_query_count":1,"mcp_success_count":1,"mcp_failure_count":0,"mcp_tool_usage":"splunk_run_query","tool_name":"splunk_run_query","duration_ms":3147.63,"average_investigation_time":3147.63,"status":"success","sourcetype":"aiops-mcp-metrics"}
{"timestamp":"2026-06-11T19:53:18Z","mcp_query_count":1,"mcp_success_count":1,"mcp_failure_count":0,"mcp_tool_usage":"splunk_run_query","tool_name":"splunk_run_query","duration_ms":4186.99,"average_investigation_time":4186.99,"status":"success","sourcetype":"aiops-mcp-metrics"}
{"timestamp":"2026-06-11T19:53:20Z","mcp_query_count":1,"mcp_success_count":1,"mcp_failure_count":0,"mcp_tool_usage":"splunk_run_query","tool_name":"splunk_run_query","duration_ms":2158.32,"average_investigation_time":2158.32,"status":"success","sourcetype":"aiops-mcp-metrics"}
{"timestamp":"2026-06-11T19:53:22Z","mcp_query_count":1,"mcp_success_count":1,"mcp_failure_count":0,"mcp_tool_usage":"splunk_run_query","tool_name":"splunk_run_query","duration_ms":2667.3,"average_investigation_time":2667.3,"status":"success","sourcetype":"aiops-mcp-metrics"}
{"timestamp":"2026-06-11T19:58:21Z","mcp_query_count":1,"mcp_success_count":1,"mcp_failure_count":0,"mcp_tool_usage":"splunk_run_query","tool_name":"splunk_run_query","duration_ms":4869.99,"average_investigation_time":4869.99,"status":"success","sourcetype":"aiops-mcp-metrics"}
{"timestamp":"2026-06-11T19:58:26Z","mcp_query_count":1,"mcp_success_count":1,"mcp_failure_count":0,"mcp_tool_usage":"splunk_run_query","tool_name":"splunk_run_query","duration_ms":5203.43,"average_investigation_time":5203.43,"status":"success","sourcetype":"aiops-mcp-metrics"}
{"timestamp":"2026-06-11T19:58:29Z","mcp_query_count":1,"mcp_success_count":1,"mcp_failure_count":0,"mcp_tool_usage":"splunk_run_query","tool_name":"splunk_run_query","duration_ms":3239.77,"average_investigation_time":3239.77,"status":"success","sourcetype":"aiops-mcp-metrics"}
{"timestamp":"2026-06-11T20:03:31Z","mcp_query_count":1,"mcp_success_count":1,"mcp_failure_count":0,"mcp_tool_usage":"splunk_run_query","tool_name":"splunk_run_query","duration_ms":13270.05,"average_investigation_time":13270.05,"status":"success","sourcetype":"aiops-mcp-metrics"}
{"timestamp":"2026-06-11T20:03:37Z","mcp_query_count":1,"mcp_success_count":1,"mcp_failure_count":0,"mcp_tool_usage":"splunk_run_query","tool_name":"splunk_run_query","duration_ms":5904.88,"average_investigation_time":5904.88,"status":"success","sourcetype":"aiops-mcp-metrics"}
{"timestamp":"2026-06-11T20:08:23Z","mcp_query_count":1,"mcp_success_count":1,"mcp_failure_count":0,"mcp_tool_usage":"splunk_run_query","tool_name":"splunk_run_query","duration_ms":2588.96,"average_investigation_time":2588.96,"status":"success","sourcetype":"aiops-mcp-metrics"}
{"timestamp":"2026-06-11T20:08:25Z","mcp_query_count":1,"mcp_success_count":1,"mcp_failure_count":0,"mcp_tool_usage":"splunk_run_query","tool_name":"splunk_run_query","duration_ms":2652.55,"average_investigation_time":2652.55,"status":"success","sourcetype":"aiops-mcp-metrics"}
{"timestamp":"2026-06-11T20:08:28Z","mcp_query_count":1,"mcp_success_count":1,"mcp_failure_count":0,"mcp_tool_usage":"splunk_run_query","tool_name":"splunk_run_query","duration_ms":2655.31,"average_investigation_time":2655.31,"status":"success","sourcetype":"aiops-mcp-metrics"}
{"timestamp":"2026-06-11T20:13:26Z","mcp_query_count":1,"mcp_success_count":1,"mcp_failure_count":0,"mcp_tool_usage":"splunk_run_query","tool_name":"splunk_run_query","duration_ms":4113.19,"average_investigation_time":4113.19,"status":"success","sourcetype":"aiops-mcp-metrics"}
{"timestamp":"2026-06-11T20:13:39Z","mcp_query_count":1,"mcp_success_count":1,"mcp_failure_count":0,"mcp_tool_usage":"splunk_run_query","tool_name":"splunk_run_query","duration_ms":13249.91,"average_investigation_time":13249.91,"status":"success","sourcetype":"aiops-mcp-metrics"}
{"timestamp":"2026-06-11T20:13:47Z","mcp_query_count":1,"mcp_success_count":1,"mcp_failure_count":0,"mcp_tool_usage":"splunk_run_query","tool_name":"splunk_run_query","duration_ms":7956.4,"average_investigation_time":7956.4,"status":"success","sourcetype":"aiops-mcp-metrics"}
{"timestamp":"2026-06-11T20:18:07Z","mcp_query_count":1,"mcp_success_count":1,"mcp_failure_count":0,"mcp_tool_usage":"splunk_run_query","tool_name":"splunk_run_query","duration_ms":5922.5,"average_investigation_time":5922.5,"status":"success","sourcetype":"aiops-mcp-metrics"}
{"timestamp":"2026-06-11T20:18:11Z","mcp_query_count":1,"mcp_success_count":1,"mcp_failure_count":0,"mcp_tool_usage":"splunk_run_query","tool_name":"splunk_run_query","duration_ms":3777.14,"average_investigation_time":3777.14,"status":"success","sourcetype":"aiops-mcp-metrics"}
{"timestamp":"2026-06-11T20:18:35Z","mcp_query_count":1,"mcp_success_count":1,"mcp_failure_count":0,"mcp_tool_usage":"splunk_run_query","tool_name":"splunk_run_query","duration_ms":8363.0,"average_investigation_time":8363.0,"status":"success","sourcetype":"aiops-mcp-metrics"}
{"timestamp":"2026-06-11T20:18:39Z","mcp_query_count":1,"mcp_success_count":1,"mcp_failure_count":0,"mcp_tool_usage":"splunk_run_query","tool_name":"splunk_run_query","duration_ms":4248.51,"average_investigation_time":4248.51,"status":"success","sourcetype":"aiops-mcp-metrics"}
{"timestamp":"2026-06-11T20:18:44Z","mcp_query_count":1,"mcp_success_count":1,"mcp_failure_count":0,"mcp_tool_usage":"splunk_run_query","tool_name":"splunk_run_query","duration_ms":4821.44,"average_investigation_time":4821.44,"status":"success","sourcetype":"aiops-mcp-metrics"}
{"timestamp":"2026-06-11T20:23:33Z","mcp_query_count":1,"mcp_success_count":1,"mcp_failure_count":0,"mcp_tool_usage":"splunk_run_query","tool_name":"splunk_run_query","duration_ms":6754.77,"average_investigation_time":6754.77,"status":"success","sourcetype":"aiops-mcp-metrics"}
{"timestamp":"2026-06-11T20:23:37Z","mcp_query_count":1,"mcp_success_count":1,"mcp_failure_count":0,"mcp_tool_usage":"splunk_run_query","tool_name":"splunk_run_query","duration_ms":3301.47,"average_investigation_time":3301.47,"status":"success","sourcetype":"aiops-mcp-metrics"}
{"timestamp":"2026-06-11T20:23:41Z","mcp_query_count":1,"mcp_success_count":1,"mcp_failure_count":0,"mcp_tool_usage":"splunk_run_query","tool_name":"splunk_run_query","duration_ms":4822.32,"average_investigation_time":4822.32,"status":"success","sourcetype":"aiops-mcp-metrics"}
{"timestamp":"2026-06-11T20:24:41Z","mcp_query_count":1,"mcp_success_count":0,"mcp_failure_count":1,"mcp_tool_usage":"splunk_get_info","tool_name":"splunk_get_info","duration_ms":3132.21,"average_investigation_time":3132.21,"status":"failure","error":"[SSL: CERTIFICATE_VERIFY_FAILED] certificate verify failed: self-signed certificate in certificate chain (_ssl.c:1000)","sourcetype":"aiops-mcp-metrics"}
{"timestamp":"2026-06-11T20:25:57Z","mcp_query_count":1,"mcp_success_count":0,"mcp_failure_count":1,"mcp_tool_usage":"splunk_get_info","tool_name":"splunk_get_info","duration_ms":3454.46,"average_investigation_time":3454.46,"status":"failure","error":"[SSL: CERTIFICATE_VERIFY_FAILED] certificate verify failed: self-signed certificate in certificate chain (_ssl.c:1000)","sourcetype":"aiops-mcp-metrics"}
{"timestamp":"2026-06-11T20:28:33Z","mcp_query_count":1,"mcp_success_count":1,"mcp_failure_count":0,"mcp_tool_usage":"splunk_run_query","tool_name":"splunk_run_query","duration_ms":4779.0,"average_investigation_time":4779.0,"status":"success","sourcetype":"aiops-mcp-metrics"}
{"timestamp":"2026-06-11T20:28:37Z","mcp_query_count":1,"mcp_success_count":1,"mcp_failure_count":0,"mcp_tool_usage":"splunk_run_query","tool_name":"splunk_run_query","duration_ms":3247.88,"average_investigation_time":3247.88,"status":"success","sourcetype":"aiops-mcp-metrics"}
{"timestamp":"2026-06-11T20:28:41Z","mcp_query_count":1,"mcp_success_count":1,"mcp_failure_count":0,"mcp_tool_usage":"splunk_run_query","tool_name":"splunk_run_query","duration_ms":4344.17,"average_investigation_time":4344.17,"status":"success","sourcetype":"aiops-mcp-metrics"}
{"timestamp":"2026-06-11T20:30:08Z","mcp_query_count":1,"mcp_success_count":0,"mcp_failure_count":1,"mcp_tool_usage":"splunk_get_info","tool_name":"splunk_get_info","duration_ms":916.91,"average_investigation_time":916.91,"status":"failure","error":"","sourcetype":"aiops-mcp-metrics"}
{"timestamp":"2026-06-11T20:31:52Z","mcp_query_count":1,"mcp_success_count":0,"mcp_failure_count":1,"mcp_tool_usage":"splunk_get_info","tool_name":"splunk_get_info","duration_ms":1994.41,"average_investigation_time":1994.41,"status":"failure","error":"","sourcetype":"aiops-mcp-metrics"}
{"timestamp":"2026-06-11T20:33:19Z","mcp_query_count":1,"mcp_success_count":0,"mcp_failure_count":1,"mcp_tool_usage":"splunk_get_info","tool_name":"splunk_get_info","duration_ms":949.58,"average_investigation_time":949.58,"status":"failure","error":"","sourcetype":"aiops-mcp-metrics"}
{"timestamp":"2026-06-11T20:33:33Z","mcp_query_count":1,"mcp_success_count":1,"mcp_failure_count":0,"mcp_tool_usage":"splunk_run_query","tool_name":"splunk_run_query","duration_ms":3389.62,"average_investigation_time":3389.62,"status":"success","sourcetype":"aiops-mcp-metrics"}
{"timestamp":"2026-06-11T20:33:35Z","mcp_query_count":1,"mcp_success_count":1,"mcp_failure_count":0,"mcp_tool_usage":"splunk_run_query","tool_name":"splunk_run_query","duration_ms":2679.52,"average_investigation_time":2679.52,"status":"success","sourcetype":"aiops-mcp-metrics"}
{"timestamp":"2026-06-11T20:34:15Z","mcp_query_count":1,"mcp_success_count":1,"mcp_failure_count":0,"mcp_tool_usage":"splunk_run_query","tool_name":"splunk_run_query","duration_ms":3709.77,"average_investigation_time":3709.77,"status":"success","sourcetype":"aiops-mcp-metrics"}
{"timestamp":"2026-06-11T20:34:20Z","mcp_query_count":1,"mcp_success_count":1,"mcp_failure_count":0,"mcp_tool_usage":"splunk_run_query","tool_name":"splunk_run_query","duration_ms":5657.59,"average_investigation_time":5657.59,"status":"success","sourcetype":"aiops-mcp-metrics"}
{"timestamp":"2026-06-11T20:34:25Z","mcp_query_count":1,"mcp_success_count":1,"mcp_failure_count":0,"mcp_tool_usage":"splunk_run_query","tool_name":"splunk_run_query","duration_ms":4291.47,"average_investigation_time":4291.47,"status":"success","sourcetype":"aiops-mcp-metrics"}
{"timestamp":"2026-06-11T20:34:30Z","mcp_query_count":1,"mcp_success_count":1,"mcp_failure_count":0,"mcp_tool_usage":"splunk_run_query","tool_name":"splunk_run_query","duration_ms":5852.1,"average_investigation_time":5852.1,"status":"success","sourcetype":"aiops-mcp-metrics"}
{"timestamp":"2026-06-11T20:36:45Z","mcp_query_count":1,"mcp_success_count":0,"mcp_failure_count":1,"mcp_tool_usage":"splunk_get_info","tool_name":"splunk_get_info","duration_ms":908.79,"average_investigation_time":908.79,"status":"failure","error":"","sourcetype":"aiops-mcp-metrics"}
{"timestamp":"2026-06-11T20:38:35Z","mcp_query_count":1,"mcp_success_count":1,"mcp_failure_count":0,"mcp_tool_usage":"splunk_run_query","tool_name":"splunk_run_query","duration_ms":2966.04,"average_investigation_time":2966.04,"status":"success","sourcetype":"aiops-mcp-metrics"}
{"timestamp":"2026-06-11T20:38:37Z","mcp_query_count":1,"mcp_success_count":1,"mcp_failure_count":0,"mcp_tool_usage":"splunk_run_query","tool_name":"splunk_run_query","duration_ms":2162.85,"average_investigation_time":2162.85,"status":"success","sourcetype":"aiops-mcp-metrics"}
{"timestamp":"2026-06-11T20:38:40Z","mcp_query_count":1,"mcp_success_count":1,"mcp_failure_count":0,"mcp_tool_usage":"splunk_run_query","tool_name":"splunk_run_query","duration_ms":3171.84,"average_investigation_time":3171.84,"status":"success","sourcetype":"aiops-mcp-metrics"}
{"timestamp":"2026-06-11T20:42:46Z","mcp_query_count":1,"mcp_success_count":0,"mcp_failure_count":1,"mcp_tool_usage":"splunk_get_info","tool_name":"splunk_get_info","duration_ms":956.14,"average_investigation_time":956.14,"status":"failure","error":"","sourcetype":"aiops-mcp-metrics"}
{"timestamp":"2026-06-11T20:43:37Z","mcp_query_count":1,"mcp_success_count":1,"mcp_failure_count":0,"mcp_tool_usage":"splunk_run_query","tool_name":"splunk_run_query","duration_ms":4385.53,"average_investigation_time":4385.53,"status":"success","sourcetype":"aiops-mcp-metrics"}
{"timestamp":"2026-06-11T20:43:41Z","mcp_query_count":1,"mcp_success_count":1,"mcp_failure_count":0,"mcp_tool_usage":"splunk_run_query","tool_name":"splunk_run_query","duration_ms":4337.2,"average_investigation_time":4337.2,"status":"success","sourcetype":"aiops-mcp-metrics"}
{"timestamp":"2026-06-11T20:43:45Z","mcp_query_count":1,"mcp_success_count":1,"mcp_failure_count":0,"mcp_tool_usage":"splunk_run_query","tool_name":"splunk_run_query","duration_ms":3744.68,"average_investigation_time":3744.68,"status":"success","sourcetype":"aiops-mcp-metrics"}
{"timestamp":"2026-06-11T20:48:40Z","mcp_query_count":1,"mcp_success_count":1,"mcp_failure_count":0,"mcp_tool_usage":"splunk_run_query","tool_name":"splunk_run_query","duration_ms":5300.86,"average_investigation_time":5300.86,"status":"success","sourcetype":"aiops-mcp-metrics"}
{"timestamp":"2026-06-11T20:48:44Z","mcp_query_count":1,"mcp_success_count":1,"mcp_failure_count":0,"mcp_tool_usage":"splunk_run_query","tool_name":"splunk_run_query","duration_ms":3171.24,"average_investigation_time":3171.24,"status":"success","sourcetype":"aiops-mcp-metrics"}
{"timestamp":"2026-06-11T20:48:46Z","mcp_query_count":1,"mcp_success_count":1,"mcp_failure_count":0,"mcp_tool_usage":"splunk_run_query","tool_name":"splunk_run_query","duration_ms":2656.91,"average_investigation_time":2656.91,"status":"success","sourcetype":"aiops-mcp-metrics"}
{"timestamp":"2026-06-11T20:53:41Z","mcp_query_count":1,"mcp_success_count":1,"mcp_failure_count":0,"mcp_tool_usage":"splunk_run_query","tool_name":"splunk_run_query","duration_ms":4188.88,"average_investigation_time":4188.88,"status":"success","sourcetype":"aiops-mcp-metrics"}
{"timestamp":"2026-06-11T20:53:44Z","mcp_query_count":1,"mcp_success_count":1,"mcp_failure_count":0,"mcp_tool_usage":"splunk_run_query","tool_name":"splunk_run_query","duration_ms":3150.95,"average_investigation_time":3150.95,"status":"success","sourcetype":"aiops-mcp-metrics"}
{"timestamp":"2026-06-11T20:53:48Z","mcp_query_count":1,"mcp_success_count":1,"mcp_failure_count":0,"mcp_tool_usage":"splunk_run_query","tool_name":"splunk_run_query","duration_ms":3682.82,"average_investigation_time":3682.82,"status":"success","sourcetype":"aiops-mcp-metrics"}
{"timestamp":"2026-06-11T20:59:03Z","mcp_query_count":1,"mcp_success_count":1,"mcp_failure_count":0,"mcp_tool_usage":"splunk_run_query","tool_name":"splunk_run_query","duration_ms":4005.87,"average_investigation_time":4005.87,"status":"success","sourcetype":"aiops-mcp-metrics"}
{"timestamp":"2026-06-11T20:59:06Z","mcp_query_count":1,"mcp_success_count":1,"mcp_failure_count":0,"mcp_tool_usage":"splunk_run_query","tool_name":"splunk_run_query","duration_ms":3192.64,"average_investigation_time":3192.64,"status":"success","sourcetype":"aiops-mcp-metrics"}
{"timestamp":"2026-06-11T20:59:10Z","mcp_query_count":1,"mcp_success_count":1,"mcp_failure_count":0,"mcp_tool_usage":"splunk_run_query","tool_name":"splunk_run_query","duration_ms":3352.7,"average_investigation_time":3352.7,"status":"success","sourcetype":"aiops-mcp-metrics"}
{"timestamp":"2026-06-11T21:00:18Z","mcp_query_count":1,"mcp_success_count":0,"mcp_failure_count":1,"mcp_tool_usage":"splunk_get_info","tool_name":"splunk_get_info","duration_ms":938.74,"average_investigation_time":938.74,"status":"failure","error":"","sourcetype":"aiops-mcp-metrics"}
{"timestamp":"2026-06-11T21:01:28Z","mcp_query_count":1,"mcp_success_count":0,"mcp_failure_count":1,"mcp_tool_usage":"splunk_get_info","tool_name":"splunk_get_info","duration_ms":904.07,"average_investigation_time":904.07,"status":"failure","error":"","sourcetype":"aiops-mcp-metrics"}
{"timestamp":"2026-06-11T21:04:06Z","mcp_query_count":1,"mcp_success_count":1,"mcp_failure_count":0,"mcp_tool_usage":"splunk_run_query","tool_name":"splunk_run_query","duration_ms":3722.69,"average_investigation_time":3722.69,"status":"success","sourcetype":"aiops-mcp-metrics"}
{"timestamp":"2026-06-11T21:04:09Z","mcp_query_count":1,"mcp_success_count":1,"mcp_failure_count":0,"mcp_tool_usage":"splunk_run_query","tool_name":"splunk_run_query","duration_ms":2676.37,"average_investigation_time":2676.37,"status":"success","sourcetype":"aiops-mcp-metrics"}
{"timestamp":"2026-06-11T21:04:11Z","mcp_query_count":1,"mcp_success_count":1,"mcp_failure_count":0,"mcp_tool_usage":"splunk_run_query","tool_name":"splunk_run_query","duration_ms":2659.43,"average_investigation_time":2659.43,"status":"success","sourcetype":"aiops-mcp-metrics"}
{"timestamp":"2026-06-11T21:04:50Z","mcp_query_count":1,"mcp_success_count":1,"mcp_failure_count":0,"mcp_tool_usage":"splunk_run_query","tool_name":"splunk_run_query","duration_ms":2910.12,"average_investigation_time":2910.12,"status":"success","sourcetype":"aiops-mcp-metrics"}
{"timestamp":"2026-06-11T21:04:54Z","mcp_query_count":1,"mcp_success_count":1,"mcp_failure_count":0,"mcp_tool_usage":"splunk_run_query","tool_name":"splunk_run_query","duration_ms":3746.91,"average_investigation_time":3746.91,"status":"success","sourcetype":"aiops-mcp-metrics"}
{"timestamp":"2026-06-11T21:04:57Z","mcp_query_count":1,"mcp_success_count":1,"mcp_failure_count":0,"mcp_tool_usage":"splunk_run_query","tool_name":"splunk_run_query","duration_ms":3120.07,"average_investigation_time":3120.07,"status":"success","sourcetype":"aiops-mcp-metrics"}
{"timestamp":"2026-06-11T21:05:01Z","mcp_query_count":1,"mcp_success_count":1,"mcp_failure_count":0,"mcp_tool_usage":"splunk_run_query","tool_name":"splunk_run_query","duration_ms":3238.44,"average_investigation_time":3238.44,"status":"success","sourcetype":"aiops-mcp-metrics"}
{"timestamp":"2026-06-11T21:09:10Z","mcp_query_count":1,"mcp_success_count":1,"mcp_failure_count":0,"mcp_tool_usage":"splunk_run_query","tool_name":"splunk_run_query","duration_ms":3796.68,"average_investigation_time":3796.68,"status":"success","sourcetype":"aiops-mcp-metrics"}
{"timestamp":"2026-06-11T21:09:13Z","mcp_query_count":1,"mcp_success_count":1,"mcp_failure_count":0,"mcp_tool_usage":"splunk_run_query","tool_name":"splunk_run_query","duration_ms":2618.47,"average_investigation_time":2618.47,"status":"success","sourcetype":"aiops-mcp-metrics"}
{"timestamp":"2026-06-11T21:09:17Z","mcp_query_count":1,"mcp_success_count":1,"mcp_failure_count":0,"mcp_tool_usage":"splunk_run_query","tool_name":"splunk_run_query","duration_ms":3934.22,"average_investigation_time":3934.22,"status":"success","sourcetype":"aiops-mcp-metrics"}
{"timestamp":"2026-06-11T21:14:13Z","mcp_query_count":1,"mcp_success_count":1,"mcp_failure_count":0,"mcp_tool_usage":"splunk_run_query","tool_name":"splunk_run_query","duration_ms":4249.59,"average_investigation_time":4249.59,"status":"success","sourcetype":"aiops-mcp-metrics"}
{"timestamp":"2026-06-11T21:14:16Z","mcp_query_count":1,"mcp_success_count":1,"mcp_failure_count":0,"mcp_tool_usage":"splunk_run_query","tool_name":"splunk_run_query","duration_ms":3241.08,"average_investigation_time":3241.08,"status":"success","sourcetype":"aiops-mcp-metrics"}
{"timestamp":"2026-06-11T21:19:14Z","mcp_query_count":1,"mcp_success_count":1,"mcp_failure_count":0,"mcp_tool_usage":"splunk_run_query","tool_name":"splunk_run_query","duration_ms":3738.79,"average_investigation_time":3738.79,"status":"success","sourcetype":"aiops-mcp-metrics"}
{"timestamp":"2026-06-11T21:19:17Z","mcp_query_count":1,"mcp_success_count":1,"mcp_failure_count":0,"mcp_tool_usage":"splunk_run_query","tool_name":"splunk_run_query","duration_ms":2675.64,"average_investigation_time":2675.64,"status":"success","sourcetype":"aiops-mcp-metrics"}
{"timestamp":"2026-06-11T21:19:20Z","mcp_query_count":1,"mcp_success_count":1,"mcp_failure_count":0,"mcp_tool_usage":"splunk_run_query","tool_name":"splunk_run_query","duration_ms":3176.01,"average_investigation_time":3176.01,"status":"success","sourcetype":"aiops-mcp-metrics"}
{"timestamp":"2026-06-11T21:24:21Z","mcp_query_count":1,"mcp_success_count":1,"mcp_failure_count":0,"mcp_tool_usage":"splunk_run_query","tool_name":"splunk_run_query","duration_ms":6515.77,"average_investigation_time":6515.77,"status":"success","sourcetype":"aiops-mcp-metrics"}
{"timestamp":"2026-06-11T21:24:24Z","mcp_query_count":1,"mcp_success_count":1,"mcp_failure_count":0,"mcp_tool_usage":"splunk_run_query","tool_name":"splunk_run_query","duration_ms":3175.73,"average_investigation_time":3175.73,"status":"success","sourcetype":"aiops-mcp-metrics"}
{"timestamp":"2026-06-11T21:24:28Z","mcp_query_count":1,"mcp_success_count":1,"mcp_failure_count":0,"mcp_tool_usage":"splunk_run_query","tool_name":"splunk_run_query","duration_ms":3777.34,"average_investigation_time":3777.34,"status":"success","sourcetype":"aiops-mcp-metrics"}
{"timestamp":"2026-06-11T21:28:32Z","mcp_query_count":1,"mcp_success_count":1,"mcp_failure_count":0,"mcp_tool_usage":"splunk_run_query","tool_name":"splunk_run_query","duration_ms":4752.6,"average_investigation_time":4752.6,"status":"success","sourcetype":"aiops-mcp-metrics"}
{"timestamp":"2026-06-11T21:28:38Z","mcp_query_count":1,"mcp_success_count":1,"mcp_failure_count":0,"mcp_tool_usage":"splunk_run_query","tool_name":"splunk_run_query","duration_ms":6607.6,"average_investigation_time":6607.6,"status":"success","sourcetype":"aiops-mcp-metrics"}
{"timestamp":"2026-06-11T21:28:44Z","mcp_query_count":1,"mcp_success_count":1,"mcp_failure_count":0,"mcp_tool_usage":"splunk_run_query","tool_name":"splunk_run_query","duration_ms":5382.47,"average_investigation_time":5382.47,"status":"success","sourcetype":"aiops-mcp-metrics"}
{"timestamp":"2026-06-11T21:28:47Z","mcp_query_count":1,"mcp_success_count":1,"mcp_failure_count":0,"mcp_tool_usage":"splunk_run_query","tool_name":"splunk_run_query","duration_ms":3092.57,"average_investigation_time":3092.57,"status":"success","sourcetype":"aiops-mcp-metrics"}
{"timestamp":"2026-06-11T21:29:20Z","mcp_query_count":1,"mcp_success_count":1,"mcp_failure_count":0,"mcp_tool_usage":"splunk_run_query","tool_name":"splunk_run_query","duration_ms":3723.78,"average_investigation_time":3723.78,"status":"success","sourcetype":"aiops-mcp-metrics"}
{"timestamp":"2026-06-11T21:29:22Z","mcp_query_count":1,"mcp_success_count":1,"mcp_failure_count":0,"mcp_tool_usage":"splunk_run_query","tool_name":"splunk_run_query","duration_ms":2645.88,"average_investigation_time":2645.88,"status":"success","sourcetype":"aiops-mcp-metrics"}
{"timestamp":"2026-06-11T21:29:26Z","mcp_query_count":1,"mcp_success_count":1,"mcp_failure_count":0,"mcp_tool_usage":"splunk_run_query","tool_name":"splunk_run_query","duration_ms":3160.44,"average_investigation_time":3160.44,"status":"success","sourcetype":"aiops-mcp-metrics"}
{"timestamp":"2026-06-12T02:24:46Z","mcp_query_count":1,"mcp_success_count":0,"mcp_failure_count":1,"mcp_tool_usage":"splunk_run_query","tool_name":"splunk_run_query","duration_ms":15687.4,"average_investigation_time":15687.4,"status":"failure","error":"","sourcetype":"aiops-mcp-metrics"}
{"timestamp":"2026-06-12T02:24:51Z","mcp_query_count":1,"mcp_success_count":1,"mcp_failure_count":0,"mcp_tool_usage":"splunk_run_query","tool_name":"splunk_run_query","duration_ms":4833.9,"average_investigation_time":4833.9,"status":"success","sourcetype":"aiops-mcp-metrics"}
{"timestamp":"2026-06-12T02:24:54Z","mcp_query_count":1,"mcp_success_count":1,"mcp_failure_count":0,"mcp_tool_usage":"splunk_run_query","tool_name":"splunk_run_query","duration_ms":2694.72,"average_investigation_time":2694.72,"status":"success","sourcetype":"aiops-mcp-metrics"}
{"timestamp":"2026-06-12T02:27:09Z","mcp_query_count":1,"mcp_success_count":1,"mcp_failure_count":0,"mcp_tool_usage":"splunk_run_query","tool_name":"splunk_run_query","duration_ms":136627.88,"average_investigation_time":136627.88,"status":"success","sourcetype":"aiops-mcp-metrics"}
{"timestamp":"2026-06-12T02:27:15Z","mcp_query_count":1,"mcp_success_count":1,"mcp_failure_count":0,"mcp_tool_usage":"splunk_run_query","tool_name":"splunk_run_query","duration_ms":5327.5,"average_investigation_time":5327.5,"status":"success","sourcetype":"aiops-mcp-metrics"}
{"timestamp":"2026-06-12T02:30:55Z","mcp_query_count":1,"mcp_success_count":1,"mcp_failure_count":0,"mcp_tool_usage":"splunk_run_query","tool_name":"splunk_run_query","duration_ms":4484.27,"average_investigation_time":4484.27,"status":"success","sourcetype":"aiops-mcp-metrics"}
{"timestamp":"2026-06-12T02:30:58Z","mcp_query_count":1,"mcp_success_count":1,"mcp_failure_count":0,"mcp_tool_usage":"splunk_run_query","tool_name":"splunk_run_query","duration_ms":2723.47,"average_investigation_time":2723.47,"status":"success","sourcetype":"aiops-mcp-metrics"}
{"timestamp":"2026-06-12T02:31:01Z","mcp_query_count":1,"mcp_success_count":1,"mcp_failure_count":0,"mcp_tool_usage":"splunk_run_query","tool_name":"splunk_run_query","duration_ms":3269.24,"average_investigation_time":3269.24,"status":"success","sourcetype":"aiops-mcp-metrics"}
{"timestamp":"2026-06-12T02:34:35Z","mcp_query_count":1,"mcp_success_count":1,"mcp_failure_count":0,"mcp_tool_usage":"splunk_run_query","tool_name":"splunk_run_query","duration_ms":3717.58,"average_investigation_time":3717.58,"status":"success","sourcetype":"aiops-mcp-metrics"}
{"timestamp":"2026-06-12T02:34:38Z","mcp_query_count":1,"mcp_success_count":1,"mcp_failure_count":0,"mcp_tool_usage":"splunk_run_query","tool_name":"splunk_run_query","duration_ms":3218.3,"average_investigation_time":3218.3,"status":"success","sourcetype":"aiops-mcp-metrics"}
{"timestamp":"2026-06-12T02:39:40Z","mcp_query_count":1,"mcp_success_count":1,"mcp_failure_count":0,"mcp_tool_usage":"splunk_run_query","tool_name":"splunk_run_query","duration_ms":3683.8,"average_investigation_time":3683.8,"status":"success","sourcetype":"aiops-mcp-metrics"}
{"timestamp":"2026-06-12T02:39:43Z","mcp_query_count":1,"mcp_success_count":1,"mcp_failure_count":0,"mcp_tool_usage":"splunk_run_query","tool_name":"splunk_run_query","duration_ms":2657.98,"average_investigation_time":2657.98,"status":"success","sourcetype":"aiops-mcp-metrics"}
{"timestamp":"2026-06-12T02:39:46Z","mcp_query_count":1,"mcp_success_count":1,"mcp_failure_count":0,"mcp_tool_usage":"splunk_run_query","tool_name":"splunk_run_query","duration_ms":2640.12,"average_investigation_time":2640.12,"status":"success","sourcetype":"aiops-mcp-metrics"}
{"timestamp":"2026-06-12T02:44:44Z","mcp_query_count":1,"mcp_success_count":1,"mcp_failure_count":0,"mcp_tool_usage":"splunk_run_query","tool_name":"splunk_run_query","duration_ms":2304.59,"average_investigation_time":2304.59,"status":"success","sourcetype":"aiops-mcp-metrics"}
{"timestamp":"2026-06-12T02:44:47Z","mcp_query_count":1,"mcp_success_count":1,"mcp_failure_count":0,"mcp_tool_usage":"splunk_run_query","tool_name":"splunk_run_query","duration_ms":3206.18,"average_investigation_time":3206.18,"status":"success","sourcetype":"aiops-mcp-metrics"}
{"timestamp":"2026-06-12T02:49:47Z","mcp_query_count":1,"mcp_success_count":1,"mcp_failure_count":0,"mcp_tool_usage":"splunk_run_query","tool_name":"splunk_run_query","duration_ms":4683.49,"average_investigation_time":4683.49,"status":"success","sourcetype":"aiops-mcp-metrics"}
{"timestamp":"2026-06-12T02:49:48Z","mcp_query_count":1,"mcp_success_count":1,"mcp_failure_count":0,"mcp_tool_usage":"splunk_run_query","tool_name":"splunk_run_query","duration_ms":4208.44,"average_investigation_time":4208.44,"status":"success","sourcetype":"aiops-mcp-metrics"}
{"timestamp":"2026-06-12T02:50:53Z","mcp_query_count":1,"mcp_success_count":1,"mcp_failure_count":0,"mcp_tool_usage":"splunk_run_query","tool_name":"splunk_run_query","duration_ms":65891.12,"average_investigation_time":65891.12,"status":"success","sourcetype":"aiops-mcp-metrics"}
{"timestamp":"2026-06-12T02:50:56Z","mcp_query_count":1,"mcp_success_count":1,"mcp_failure_count":0,"mcp_tool_usage":"splunk_run_query","tool_name":"splunk_run_query","duration_ms":3003.21,"average_investigation_time":3003.21,"status":"success","sourcetype":"aiops-mcp-metrics"}
{"timestamp":"2026-06-12T02:54:47Z","mcp_query_count":1,"mcp_success_count":1,"mcp_failure_count":0,"mcp_tool_usage":"splunk_run_query","tool_name":"splunk_run_query","duration_ms":3726.94,"average_investigation_time":3726.94,"status":"success","sourcetype":"aiops-mcp-metrics"}
{"timestamp":"2026-06-12T02:54:50Z","mcp_query_count":1,"mcp_success_count":1,"mcp_failure_count":0,"mcp_tool_usage":"splunk_run_query","tool_name":"splunk_run_query","duration_ms":3202.92,"average_investigation_time":3202.92,"status":"success","sourcetype":"aiops-mcp-metrics"}
{"timestamp":"2026-06-12T03:03:51Z","mcp_query_count":1,"mcp_success_count":0,"mcp_failure_count":1,"mcp_tool_usage":"splunk_get_info","tool_name":"splunk_get_info","duration_ms":1081.45,"average_investigation_time":1081.45,"status":"failure","error":"","sourcetype":"aiops-mcp-metrics"}
{"timestamp":"2026-06-12T03:04:27Z","mcp_query_count":1,"mcp_success_count":0,"mcp_failure_count":1,"mcp_tool_usage":"splunk_get_info","tool_name":"splunk_get_info","duration_ms":1068.27,"average_investigation_time":1068.27,"status":"failure","error":"","sourcetype":"aiops-mcp-metrics"}
{"timestamp":"2026-06-12T03:04:57Z","mcp_query_count":1,"mcp_success_count":1,"mcp_failure_count":0,"mcp_tool_usage":"splunk_run_query","tool_name":"splunk_run_query","duration_ms":2931.75,"average_investigation_time":2931.75,"status":"success","sourcetype":"aiops-mcp-metrics"}
{"timestamp":"2026-06-12T03:05:01Z","mcp_query_count":1,"mcp_success_count":1,"mcp_failure_count":0,"mcp_tool_usage":"splunk_run_query","tool_name":"splunk_run_query","duration_ms":4359.69,"average_investigation_time":4359.69,"status":"success","sourcetype":"aiops-mcp-metrics"}
{"timestamp":"2026-06-12T03:05:03Z","mcp_query_count":1,"mcp_success_count":1,"mcp_failure_count":0,"mcp_tool_usage":"splunk_run_query","tool_name":"splunk_run_query","duration_ms":2177.67,"average_investigation_time":2177.67,"status":"success","sourcetype":"aiops-mcp-metrics"}
{"timestamp":"2026-06-12T03:10:00Z","mcp_query_count":1,"mcp_success_count":1,"mcp_failure_count":0,"mcp_tool_usage":"splunk_run_query","tool_name":"splunk_run_query","duration_ms":3694.4,"average_investigation_time":3694.4,"status":"success","sourcetype":"aiops-mcp-metrics"}
{"timestamp":"2026-06-12T03:10:03Z","mcp_query_count":1,"mcp_success_count":1,"mcp_failure_count":0,"mcp_tool_usage":"splunk_run_query","tool_name":"splunk_run_query","duration_ms":2657.15,"average_investigation_time":2657.15,"status":"success","sourcetype":"aiops-mcp-metrics"}
{"timestamp":"2026-06-12T03:10:07Z","mcp_query_count":1,"mcp_success_count":1,"mcp_failure_count":0,"mcp_tool_usage":"splunk_run_query","tool_name":"splunk_run_query","duration_ms":4313.68,"average_investigation_time":4313.68,"status":"success","sourcetype":"aiops-mcp-metrics"}
{"timestamp":"2026-06-12T03:10:53Z","mcp_query_count":1,"mcp_success_count":1,"mcp_failure_count":0,"mcp_tool_usage":"splunk_run_query","tool_name":"splunk_run_query","duration_ms":3931.56,"average_investigation_time":3931.56,"status":"success","sourcetype":"aiops-mcp-metrics"}
{"timestamp":"2026-06-12T03:12:03Z","mcp_query_count":1,"mcp_success_count":1,"mcp_failure_count":0,"mcp_tool_usage":"splunk_run_query","tool_name":"splunk_run_query","duration_ms":3659.18,"average_investigation_time":3659.18,"status":"success","sourcetype":"aiops-mcp-metrics"}
{"timestamp":"2026-06-12T03:12:06Z","mcp_query_count":1,"mcp_success_count":1,"mcp_failure_count":0,"mcp_tool_usage":"splunk_run_query","tool_name":"splunk_run_query","duration_ms":3677.36,"average_investigation_time":3677.36,"status":"success","sourcetype":"aiops-mcp-metrics"}
{"timestamp":"2026-06-12T03:15:03Z","mcp_query_count":1,"mcp_success_count":1,"mcp_failure_count":0,"mcp_tool_usage":"splunk_run_query","tool_name":"splunk_run_query","duration_ms":3739.7,"average_investigation_time":3739.7,"status":"success","sourcetype":"aiops-mcp-metrics"}
{"timestamp":"2026-06-12T03:15:05Z","mcp_query_count":1,"mcp_success_count":1,"mcp_failure_count":0,"mcp_tool_usage":"splunk_run_query","tool_name":"splunk_run_query","duration_ms":2132.63,"average_investigation_time":2132.63,"status":"success","sourcetype":"aiops-mcp-metrics"}
{"timestamp":"2026-06-12T03:15:09Z","mcp_query_count":1,"mcp_success_count":1,"mcp_failure_count":0,"mcp_tool_usage":"splunk_run_query","tool_name":"splunk_run_query","duration_ms":3692.34,"average_investigation_time":3692.34,"status":"success","sourcetype":"aiops-mcp-metrics"}
{"timestamp":"2026-06-12T03:19:56Z","mcp_query_count":1,"mcp_success_count":1,"mcp_failure_count":0,"mcp_tool_usage":"splunk_run_query","tool_name":"splunk_run_query","duration_ms":3680.54,"average_investigation_time":3680.54,"status":"success","sourcetype":"aiops-mcp-metrics"}
{"timestamp":"2026-06-12T03:19:58Z","mcp_query_count":1,"mcp_success_count":1,"mcp_failure_count":0,"mcp_tool_usage":"splunk_run_query","tool_name":"splunk_run_query","duration_ms":2777.52,"average_investigation_time":2777.52,"status":"success","sourcetype":"aiops-mcp-metrics"}
{"timestamp":"2026-06-12T03:20:10Z","mcp_query_count":1,"mcp_success_count":0,"mcp_failure_count":1,"mcp_tool_usage":"splunk_run_query","tool_name":"splunk_run_query","duration_ms":8128.82,"average_investigation_time":8128.82,"status":"failure","error":"","sourcetype":"aiops-mcp-metrics"}
{"timestamp":"2026-06-12T03:20:17Z","mcp_query_count":1,"mcp_success_count":1,"mcp_failure_count":0,"mcp_tool_usage":"splunk_run_query","tool_name":"splunk_run_query","duration_ms":6735.49,"average_investigation_time":6735.49,"status":"success","sourcetype":"aiops-mcp-metrics"}
{"timestamp":"2026-06-12T03:20:23Z","mcp_query_count":1,"mcp_success_count":1,"mcp_failure_count":0,"mcp_tool_usage":"splunk_run_query","tool_name":"splunk_run_query","duration_ms":5814.93,"average_investigation_time":5814.93,"status":"success","sourcetype":"aiops-mcp-metrics"}
{"timestamp":"2026-06-12T03:25:07Z","mcp_query_count":1,"mcp_success_count":1,"mcp_failure_count":0,"mcp_tool_usage":"splunk_run_query","tool_name":"splunk_run_query","duration_ms":3677.24,"average_investigation_time":3677.24,"status":"success","sourcetype":"aiops-mcp-metrics"}
{"timestamp":"2026-06-12T03:25:09Z","mcp_query_count":1,"mcp_success_count":1,"mcp_failure_count":0,"mcp_tool_usage":"splunk_run_query","tool_name":"splunk_run_query","duration_ms":2165.72,"average_investigation_time":2165.72,"status":"success","sourcetype":"aiops-mcp-metrics"}
{"timestamp":"2026-06-12T03:25:12Z","mcp_query_count":1,"mcp_success_count":1,"mcp_failure_count":0,"mcp_tool_usage":"splunk_run_query","tool_name":"splunk_run_query","duration_ms":2179.39,"average_investigation_time":2179.39,"status":"success","sourcetype":"aiops-mcp-metrics"}
{"timestamp":"2026-06-12T03:25:59Z","mcp_query_count":1,"mcp_success_count":1,"mcp_failure_count":0,"mcp_tool_usage":"splunk_run_query","tool_name":"splunk_run_query","duration_ms":4437.91,"average_investigation_time":4437.91,"status":"success","sourcetype":"aiops-mcp-metrics"}
{"timestamp":"2026-06-12T03:26:04Z","mcp_query_count":1,"mcp_success_count":1,"mcp_failure_count":0,"mcp_tool_usage":"splunk_run_query","tool_name":"splunk_run_query","duration_ms":4941.17,"average_investigation_time":4941.17,"status":"success","sourcetype":"aiops-mcp-metrics"}
{"timestamp":"2026-06-12T03:26:08Z","mcp_query_count":1,"mcp_success_count":1,"mcp_failure_count":0,"mcp_tool_usage":"splunk_run_query","tool_name":"splunk_run_query","duration_ms":3741.14,"average_investigation_time":3741.14,"status":"success","sourcetype":"aiops-mcp-metrics"}
{"timestamp":"2026-06-12T03:27:30Z","mcp_query_count":1,"mcp_success_count":0,"mcp_failure_count":1,"mcp_tool_usage":"splunk_run_query","tool_name":"splunk_run_query","duration_ms":8364.69,"average_investigation_time":8364.69,"status":"failure","error":"","sourcetype":"aiops-mcp-metrics"}
{"timestamp":"2026-06-12T03:27:37Z","mcp_query_count":1,"mcp_success_count":1,"mcp_failure_count":0,"mcp_tool_usage":"splunk_run_query","tool_name":"splunk_run_query","duration_ms":7588.89,"average_investigation_time":7588.89,"status":"success","sourcetype":"aiops-mcp-metrics"}
{"timestamp":"2026-06-12T03:27:41Z","mcp_query_count":1,"mcp_success_count":1,"mcp_failure_count":0,"mcp_tool_usage":"splunk_run_query","tool_name":"splunk_run_query","duration_ms":3214.32,"average_investigation_time":3214.32,"status":"success","sourcetype":"aiops-mcp-metrics"}
{"timestamp":"2026-06-12T03:28:21Z","mcp_query_count":1,"mcp_success_count":0,"mcp_failure_count":1,"mcp_tool_usage":"splunk_get_info","tool_name":"splunk_get_info","duration_ms":937.63,"average_investigation_time":937.63,"status":"failure","error":"","sourcetype":"aiops-mcp-metrics"}
{"timestamp":"2026-06-12T03:30:13Z","mcp_query_count":1,"mcp_success_count":1,"mcp_failure_count":0,"mcp_tool_usage":"splunk_run_query","tool_name":"splunk_run_query","duration_ms":5562.36,"average_investigation_time":5562.36,"status":"success","sourcetype":"aiops-mcp-metrics"}
{"timestamp":"2026-06-12T03:30:18Z","mcp_query_count":1,"mcp_success_count":1,"mcp_failure_count":0,"mcp_tool_usage":"splunk_run_query","tool_name":"splunk_run_query","duration_ms":4488.86,"average_investigation_time":4488.86,"status":"success","sourcetype":"aiops-mcp-metrics"}
{"timestamp":"2026-06-12T03:30:21Z","mcp_query_count":1,"mcp_success_count":1,"mcp_failure_count":0,"mcp_tool_usage":"splunk_run_query","tool_name":"splunk_run_query","duration_ms":3677.1,"average_investigation_time":3677.1,"status":"success","sourcetype":"aiops-mcp-metrics"}
{"timestamp":"2026-06-12T03:30:25Z","mcp_query_count":1,"mcp_success_count":1,"mcp_failure_count":0,"mcp_tool_usage":"splunk_run_query","tool_name":"splunk_run_query","duration_ms":3193.13,"average_investigation_time":3193.13,"status":"success","sourcetype":"aiops-mcp-metrics"}
{"timestamp":"2026-06-12T03:35:11Z","mcp_query_count":1,"mcp_success_count":1,"mcp_failure_count":0,"mcp_tool_usage":"splunk_run_query","tool_name":"splunk_run_query","duration_ms":4210.99,"average_investigation_time":4210.99,"status":"success","sourcetype":"aiops-mcp-metrics"}
{"timestamp":"2026-06-12T03:35:14Z","mcp_query_count":1,"mcp_success_count":1,"mcp_failure_count":0,"mcp_tool_usage":"splunk_run_query","tool_name":"splunk_run_query","duration_ms":3214.25,"average_investigation_time":3214.25,"status":"success","sourcetype":"aiops-mcp-metrics"}
{"timestamp":"2026-06-12T03:35:17Z","mcp_query_count":1,"mcp_success_count":1,"mcp_failure_count":0,"mcp_tool_usage":"splunk_run_query","tool_name":"splunk_run_query","duration_ms":2667.38,"average_investigation_time":2667.38,"status":"success","sourcetype":"aiops-mcp-metrics"}
{"timestamp":"2026-06-12T03:35:21Z","mcp_query_count":1,"mcp_success_count":1,"mcp_failure_count":0,"mcp_tool_usage":"splunk_run_query","tool_name":"splunk_run_query","duration_ms":3721.95,"average_investigation_time":3721.95,"status":"success","sourcetype":"aiops-mcp-metrics"}
{"timestamp":"2026-06-12T03:36:05Z","mcp_query_count":1,"mcp_success_count":0,"mcp_failure_count":1,"mcp_tool_usage":"splunk_get_info","tool_name":"splunk_get_info","duration_ms":905.5,"average_investigation_time":905.5,"status":"failure","error":"","sourcetype":"aiops-mcp-metrics"}
{"timestamp":"2026-06-12T03:37:50Z","mcp_query_count":1,"mcp_success_count":0,"mcp_failure_count":1,"mcp_tool_usage":"splunk_get_info","tool_name":"splunk_get_info","duration_ms":884.51,"average_investigation_time":884.51,"status":"failure","error":"","sourcetype":"aiops-mcp-metrics"}
{"timestamp":"2026-06-12T03:40:14Z","mcp_query_count":1,"mcp_success_count":1,"mcp_failure_count":0,"mcp_tool_usage":"splunk_run_query","tool_name":"splunk_run_query","duration_ms":4218.2,"average_investigation_time":4218.2,"status":"success","sourcetype":"aiops-mcp-metrics"}
{"timestamp":"2026-06-12T03:40:16Z","mcp_query_count":1,"mcp_success_count":1,"mcp_failure_count":0,"mcp_tool_usage":"splunk_run_query","tool_name":"splunk_run_query","duration_ms":2131.85,"average_investigation_time":2131.85,"status":"success","sourcetype":"aiops-mcp-metrics"}
{"timestamp":"2026-06-12T03:40:19Z","mcp_query_count":1,"mcp_success_count":1,"mcp_failure_count":0,"mcp_tool_usage":"splunk_run_query","tool_name":"splunk_run_query","duration_ms":2654.53,"average_investigation_time":2654.53,"status":"success","sourcetype":"aiops-mcp-metrics"}
{"timestamp":"2026-06-12T03:40:21Z","mcp_query_count":1,"mcp_success_count":1,"mcp_failure_count":0,"mcp_tool_usage":"splunk_run_query","tool_name":"splunk_run_query","duration_ms":2129.52,"average_investigation_time":2129.52,"status":"success","sourcetype":"aiops-mcp-metrics"}
{"timestamp":"2026-06-12T03:42:31Z","mcp_query_count":1,"mcp_success_count":1,"mcp_failure_count":0,"mcp_tool_usage":"splunk_run_query","tool_name":"splunk_run_query","duration_ms":4866.45,"average_investigation_time":4866.45,"status":"success","sourcetype":"aiops-mcp-metrics"}
{"timestamp":"2026-06-12T03:42:33Z","mcp_query_count":1,"mcp_success_count":1,"mcp_failure_count":0,"mcp_tool_usage":"splunk_run_query","tool_name":"splunk_run_query","duration_ms":2159.2,"average_investigation_time":2159.2,"status":"success","sourcetype":"aiops-mcp-metrics"}
{"timestamp":"2026-06-12T03:42:36Z","mcp_query_count":1,"mcp_success_count":1,"mcp_failure_count":0,"mcp_tool_usage":"splunk_run_query","tool_name":"splunk_run_query","duration_ms":3206.46,"average_investigation_time":3206.46,"status":"success","sourcetype":"aiops-mcp-metrics"}
{"timestamp":"2026-06-12T03:45:22Z","mcp_query_count":1,"mcp_success_count":1,"mcp_failure_count":0,"mcp_tool_usage":"splunk_run_query","tool_name":"splunk_run_query","duration_ms":7798.42,"average_investigation_time":7798.42,"status":"success","sourcetype":"aiops-mcp-metrics"}
{"timestamp":"2026-06-12T03:45:26Z","mcp_query_count":1,"mcp_success_count":1,"mcp_failure_count":0,"mcp_tool_usage":"splunk_run_query","tool_name":"splunk_run_query","duration_ms":3184.89,"average_investigation_time":3184.89,"status":"success","sourcetype":"aiops-mcp-metrics"}
{"timestamp":"2026-06-12T03:45:30Z","mcp_query_count":1,"mcp_success_count":1,"mcp_failure_count":0,"mcp_tool_usage":"splunk_run_query","tool_name":"splunk_run_query","duration_ms":4449.01,"average_investigation_time":4449.01,"status":"success","sourcetype":"aiops-mcp-metrics"}
{"timestamp":"2026-06-12T03:45:32Z","mcp_query_count":1,"mcp_success_count":1,"mcp_failure_count":0,"mcp_tool_usage":"splunk_run_query","tool_name":"splunk_run_query","duration_ms":2151.23,"average_investigation_time":2151.23,"status":"success","sourcetype":"aiops-mcp-metrics"}
{"timestamp":"2026-06-12T03:50:19Z","mcp_query_count":1,"mcp_success_count":1,"mcp_failure_count":0,"mcp_tool_usage":"splunk_run_query","tool_name":"splunk_run_query","duration_ms":3183.09,"average_investigation_time":3183.09,"status":"success","sourcetype":"aiops-mcp-metrics"}
{"timestamp":"2026-06-12T03:50:22Z","mcp_query_count":1,"mcp_success_count":1,"mcp_failure_count":0,"mcp_tool_usage":"splunk_run_query","tool_name":"splunk_run_query","duration_ms":2649.01,"average_investigation_time":2649.01,"status":"success","sourcetype":"aiops-mcp-metrics"}
{"timestamp":"2026-06-12T03:50:25Z","mcp_query_count":1,"mcp_success_count":1,"mcp_failure_count":0,"mcp_tool_usage":"splunk_run_query","tool_name":"splunk_run_query","duration_ms":3233.22,"average_investigation_time":3233.22,"status":"success","sourcetype":"aiops-mcp-metrics"}
{"timestamp":"2026-06-12T03:50:28Z","mcp_query_count":1,"mcp_success_count":1,"mcp_failure_count":0,"mcp_tool_usage":"splunk_run_query","tool_name":"splunk_run_query","duration_ms":3233.49,"average_investigation_time":3233.49,"status":"success","sourcetype":"aiops-mcp-metrics"}
{"timestamp":"2026-06-12T03:55:25Z","mcp_query_count":1,"mcp_success_count":0,"mcp_failure_count":1,"mcp_tool_usage":"splunk_run_query","tool_name":"splunk_run_query","duration_ms":8065.31,"average_investigation_time":8065.31,"status":"failure","error":"","sourcetype":"aiops-mcp-metrics"}
{"timestamp":"2026-06-12T03:55:33Z","mcp_query_count":1,"mcp_success_count":1,"mcp_failure_count":0,"mcp_tool_usage":"splunk_run_query","tool_name":"splunk_run_query","duration_ms":7172.53,"average_investigation_time":7172.53,"status":"success","sourcetype":"aiops-mcp-metrics"}
{"timestamp":"2026-06-12T03:55:37Z","mcp_query_count":1,"mcp_success_count":1,"mcp_failure_count":0,"mcp_tool_usage":"splunk_run_query","tool_name":"splunk_run_query","duration_ms":4199.13,"average_investigation_time":4199.13,"status":"success","sourcetype":"aiops-mcp-metrics"}
{"timestamp":"2026-06-12T04:00:23Z","mcp_query_count":1,"mcp_success_count":1,"mcp_failure_count":0,"mcp_tool_usage":"splunk_run_query","tool_name":"splunk_run_query","duration_ms":4772.38,"average_investigation_time":4772.38,"status":"success","sourcetype":"aiops-mcp-metrics"}
{"timestamp":"2026-06-12T04:00:27Z","mcp_query_count":1,"mcp_success_count":1,"mcp_failure_count":0,"mcp_tool_usage":"splunk_run_query","tool_name":"splunk_run_query","duration_ms":3761.39,"average_investigation_time":3761.39,"status":"success","sourcetype":"aiops-mcp-metrics"}
{"timestamp":"2026-06-12T04:00:32Z","mcp_query_count":1,"mcp_success_count":1,"mcp_failure_count":0,"mcp_tool_usage":"splunk_run_query","tool_name":"splunk_run_query","duration_ms":5556.83,"average_investigation_time":5556.83,"status":"success","sourcetype":"aiops-mcp-metrics"}
{"timestamp":"2026-06-12T04:00:35Z","mcp_query_count":1,"mcp_success_count":1,"mcp_failure_count":0,"mcp_tool_usage":"splunk_run_query","tool_name":"splunk_run_query","duration_ms":2660.82,"average_investigation_time":2660.82,"status":"success","sourcetype":"aiops-mcp-metrics"}
{"timestamp":"2026-06-12T04:00:36Z","mcp_query_count":1,"mcp_success_count":0,"mcp_failure_count":1,"mcp_tool_usage":"splunk_get_info","tool_name":"splunk_get_info","duration_ms":860.86,"average_investigation_time":860.86,"status":"failure","error":"","sourcetype":"aiops-mcp-metrics"}
{"timestamp":"2026-06-12T04:04:12Z","mcp_query_count":1,"mcp_success_count":0,"mcp_failure_count":1,"mcp_tool_usage":"splunk_get_info","tool_name":"splunk_get_info","duration_ms":879.37,"average_investigation_time":879.37,"status":"failure","error":"","sourcetype":"aiops-mcp-metrics"}
{"timestamp":"2026-06-12T04:09:37Z","mcp_query_count":1,"mcp_success_count":0,"mcp_failure_count":1,"mcp_tool_usage":"splunk_get_info","tool_name":"splunk_get_info","duration_ms":932.81,"average_investigation_time":932.81,"status":"failure","error":"","sourcetype":"aiops-mcp-metrics"}
{"timestamp":"2026-06-12T04:13:53Z","mcp_query_count":1,"mcp_success_count":0,"mcp_failure_count":1,"mcp_tool_usage":"splunk_get_info","tool_name":"splunk_get_info","duration_ms":910.69,"average_investigation_time":910.69,"status":"failure","error":"","sourcetype":"aiops-mcp-metrics"}
{"timestamp":"2026-06-13T05:31:38Z","mcp_query_count":1,"mcp_success_count":0,"mcp_failure_count":1,"mcp_tool_usage":"splunk_get_info","tool_name":"splunk_get_info","duration_ms":971.25,"average_investigation_time":971.25,"status":"failure","error":"","sourcetype":"aiops-mcp-metrics"}
{"timestamp":"2026-06-13T05:33:31Z","mcp_query_count":1,"mcp_success_count":0,"mcp_failure_count":1,"mcp_tool_usage":"splunk_get_info","tool_name":"splunk_get_info","duration_ms":910.5,"average_investigation_time":910.5,"status":"failure","error":"","sourcetype":"aiops-mcp-metrics"}
{"timestamp":"2026-06-13T05:34:51Z","mcp_query_count":1,"mcp_success_count":0,"mcp_failure_count":1,"mcp_tool_usage":"splunk_get_info","tool_name":"splunk_get_info","duration_ms":905.33,"average_investigation_time":905.33,"status":"failure","error":"","sourcetype":"aiops-mcp-metrics"}
{"timestamp":"2026-06-13T05:37:10Z","mcp_query_count":1,"mcp_success_count":0,"mcp_failure_count":1,"mcp_tool_usage":"splunk_get_info","tool_name":"splunk_get_info","duration_ms":1089.87,"average_investigation_time":1089.87,"status":"failure","error":"","sourcetype":"aiops-mcp-metrics"}
{"timestamp":"2026-06-13T05:37:19Z","mcp_query_count":1,"mcp_success_count":0,"mcp_failure_count":1,"mcp_tool_usage":"splunk_run_query","tool_name":"splunk_run_query","duration_ms":8070.6,"average_investigation_time":8070.6,"status":"failure","error":"","sourcetype":"aiops-mcp-metrics"}
{"timestamp":"2026-06-13T05:37:27Z","mcp_query_count":1,"mcp_success_count":0,"mcp_failure_count":1,"mcp_tool_usage":"splunk_run_query","tool_name":"splunk_run_query","duration_ms":8046.97,"average_investigation_time":8046.97,"status":"failure","error":"","sourcetype":"aiops-mcp-metrics"}
{"timestamp":"2026-06-13T05:37:31Z","mcp_query_count":1,"mcp_success_count":1,"mcp_failure_count":0,"mcp_tool_usage":"splunk_run_query","tool_name":"splunk_run_query","duration_ms":3934.24,"average_investigation_time":3934.24,"status":"success","sourcetype":"aiops-mcp-metrics"}
{"timestamp":"2026-06-13T05:37:34Z","mcp_query_count":1,"mcp_success_count":1,"mcp_failure_count":0,"mcp_tool_usage":"splunk_run_query","tool_name":"splunk_run_query","duration_ms":2651.72,"average_investigation_time":2651.72,"status":"success","sourcetype":"aiops-mcp-metrics"}
{"timestamp":"2026-06-13T05:37:36Z","mcp_query_count":1,"mcp_success_count":1,"mcp_failure_count":0,"mcp_tool_usage":"splunk_run_query","tool_name":"splunk_run_query","duration_ms":2679.23,"average_investigation_time":2679.23,"status":"success","sourcetype":"aiops-mcp-metrics"}
{"timestamp":"2026-06-13T05:44:04Z","mcp_query_count":1,"mcp_success_count":1,"mcp_failure_count":0,"mcp_tool_usage":"splunk_run_query","tool_name":"splunk_run_query","duration_ms":2435.63,"average_investigation_time":2435.63,"status":"success","sourcetype":"aiops-mcp-metrics"}
{"timestamp":"2026-06-13T05:44:07Z","mcp_query_count":1,"mcp_success_count":1,"mcp_failure_count":0,"mcp_tool_usage":"splunk_run_query","tool_name":"splunk_run_query","duration_ms":2641.68,"average_investigation_time":2641.68,"status":"success","sourcetype":"aiops-mcp-metrics"}
{"timestamp":"2026-06-13T05:44:09Z","mcp_query_count":1,"mcp_success_count":1,"mcp_failure_count":0,"mcp_tool_usage":"splunk_run_query","tool_name":"splunk_run_query","duration_ms":2142.28,"average_investigation_time":2142.28,"status":"success","sourcetype":"aiops-mcp-metrics"}
{"timestamp":"2026-06-13T09:02:27Z","mcp_query_count":1,"mcp_success_count":1,"mcp_failure_count":0,"mcp_tool_usage":"splunk_run_query","tool_name":"splunk_run_query","duration_ms":12386.87,"average_investigation_time":12386.87,"status":"success","sourcetype":"aiops-mcp-metrics"}
{"timestamp":"2026-06-13T09:02:31Z","mcp_query_count":1,"mcp_success_count":1,"mcp_failure_count":0,"mcp_tool_usage":"splunk_run_query","tool_name":"splunk_run_query","duration_ms":3337.65,"average_investigation_time":3337.65,"status":"success","sourcetype":"aiops-mcp-metrics"}
{"timestamp":"2026-06-13T09:02:34Z","mcp_query_count":1,"mcp_success_count":1,"mcp_failure_count":0,"mcp_tool_usage":"splunk_run_query","tool_name":"splunk_run_query","duration_ms":3042.13,"average_investigation_time":3042.13,"status":"success","sourcetype":"aiops-mcp-metrics"}
{"timestamp":"2026-06-13T09:02:37Z","mcp_query_count":1,"mcp_success_count":1,"mcp_failure_count":0,"mcp_tool_usage":"splunk_run_query","tool_name":"splunk_run_query","duration_ms":3287.6,"average_investigation_time":3287.6,"status":"success","sourcetype":"aiops-mcp-metrics"}
{"timestamp":"2026-06-13T09:04:37Z","mcp_query_count":1,"mcp_success_count":0,"mcp_failure_count":1,"mcp_tool_usage":"splunk_get_info","tool_name":"splunk_get_info","duration_ms":774.57,"average_investigation_time":774.57,"status":"failure","error":"","sourcetype":"aiops-mcp-metrics"}
{"timestamp":"2026-06-13T09:07:24Z","mcp_query_count":1,"mcp_success_count":1,"mcp_failure_count":0,"mcp_tool_usage":"splunk_run_query","tool_name":"splunk_run_query","duration_ms":7599.28,"average_investigation_time":7599.28,"status":"success","sourcetype":"aiops-mcp-metrics"}
{"timestamp":"2026-06-13T09:07:27Z","mcp_query_count":1,"mcp_success_count":1,"mcp_failure_count":0,"mcp_tool_usage":"splunk_run_query","tool_name":"splunk_run_query","duration_ms":3168.02,"average_investigation_time":3168.02,"status":"success","sourcetype":"aiops-mcp-metrics"}
{"timestamp":"2026-06-13T09:07:29Z","mcp_query_count":1,"mcp_success_count":1,"mcp_failure_count":0,"mcp_tool_usage":"splunk_run_query","tool_name":"splunk_run_query","duration_ms":2146.39,"average_investigation_time":2146.39,"status":"success","sourcetype":"aiops-mcp-metrics"}
{"timestamp":"2026-06-13T09:07:32Z","mcp_query_count":1,"mcp_success_count":1,"mcp_failure_count":0,"mcp_tool_usage":"splunk_run_query","tool_name":"splunk_run_query","duration_ms":2637.83,"average_investigation_time":2637.83,"status":"success","sourcetype":"aiops-mcp-metrics"}
{"timestamp":"2026-06-13T09:07:59Z","mcp_query_count":1,"mcp_success_count":1,"mcp_failure_count":0,"mcp_tool_usage":"splunk_run_query","tool_name":"splunk_run_query","duration_ms":7383.78,"average_investigation_time":7383.78,"status":"success","sourcetype":"aiops-mcp-metrics"}
{"timestamp":"2026-06-13T09:08:03Z","mcp_query_count":1,"mcp_success_count":1,"mcp_failure_count":0,"mcp_tool_usage":"splunk_run_query","tool_name":"splunk_run_query","duration_ms":4178.96,"average_investigation_time":4178.96,"status":"success","sourcetype":"aiops-mcp-metrics"}
{"timestamp":"2026-06-13T09:08:07Z","mcp_query_count":1,"mcp_success_count":1,"mcp_failure_count":0,"mcp_tool_usage":"splunk_run_query","tool_name":"splunk_run_query","duration_ms":3710.77,"average_investigation_time":3710.77,"status":"success","sourcetype":"aiops-mcp-metrics"}
{"timestamp":"2026-06-13T09:08:09Z","mcp_query_count":1,"mcp_success_count":1,"mcp_failure_count":0,"mcp_tool_usage":"splunk_run_query","tool_name":"splunk_run_query","duration_ms":2651.96,"average_investigation_time":2651.96,"status":"success","sourcetype":"aiops-mcp-metrics"}
{"timestamp":"2026-06-13T09:08:13Z","mcp_query_count":1,"mcp_success_count":1,"mcp_failure_count":0,"mcp_tool_usage":"splunk_run_query","tool_name":"splunk_run_query","duration_ms":3685.64,"average_investigation_time":3685.64,"status":"success","sourcetype":"aiops-mcp-metrics"}
{"timestamp":"2026-06-13T09:08:40Z","mcp_query_count":1,"mcp_success_count":1,"mcp_failure_count":0,"mcp_tool_usage":"splunk_run_query","tool_name":"splunk_run_query","duration_ms":6595.92,"average_investigation_time":6595.92,"status":"success","sourcetype":"aiops-mcp-metrics"}
{"timestamp":"2026-06-13T09:08:42Z","mcp_query_count":1,"mcp_success_count":1,"mcp_failure_count":0,"mcp_tool_usage":"splunk_run_query","tool_name":"splunk_run_query","duration_ms":2650.32,"average_investigation_time":2650.32,"status":"success","sourcetype":"aiops-mcp-metrics"}
{"timestamp":"2026-06-13T09:08:45Z","mcp_query_count":1,"mcp_success_count":1,"mcp_failure_count":0,"mcp_tool_usage":"splunk_run_query","tool_name":"splunk_run_query","duration_ms":2758.87,"average_investigation_time":2758.87,"status":"success","sourcetype":"aiops-mcp-metrics"}
{"timestamp":"2026-06-13T09:10:32Z","mcp_query_count":1,"mcp_success_count":1,"mcp_failure_count":0,"mcp_tool_usage":"splunk_run_query","tool_name":"splunk_run_query","duration_ms":2253.16,"average_investigation_time":2253.16,"status":"success","sourcetype":"aiops-mcp-metrics"}
{"timestamp":"2026-06-13T09:10:34Z","mcp_query_count":1,"mcp_success_count":1,"mcp_failure_count":0,"mcp_tool_usage":"splunk_run_query","tool_name":"splunk_run_query","duration_ms":2652.18,"average_investigation_time":2652.18,"status":"success","sourcetype":"aiops-mcp-metrics"}
{"timestamp":"2026-06-13T09:10:37Z","mcp_query_count":1,"mcp_success_count":1,"mcp_failure_count":0,"mcp_tool_usage":"splunk_run_query","tool_name":"splunk_run_query","duration_ms":2714.84,"average_investigation_time":2714.84,"status":"success","sourcetype":"aiops-mcp-metrics"}
{"timestamp":"2026-06-13T09:12:23Z","mcp_query_count":1,"mcp_success_count":1,"mcp_failure_count":0,"mcp_tool_usage":"splunk_run_query","tool_name":"splunk_run_query","duration_ms":3285.95,"average_investigation_time":3285.95,"status":"success","sourcetype":"aiops-mcp-metrics"}
{"timestamp":"2026-06-13T09:12:25Z","mcp_query_count":1,"mcp_success_count":1,"mcp_failure_count":0,"mcp_tool_usage":"splunk_run_query","tool_name":"splunk_run_query","duration_ms":2236.31,"average_investigation_time":2236.31,"status":"success","sourcetype":"aiops-mcp-metrics"}
{"timestamp":"2026-06-13T09:12:28Z","mcp_query_count":1,"mcp_success_count":1,"mcp_failure_count":0,"mcp_tool_usage":"splunk_run_query","tool_name":"splunk_run_query","duration_ms":2727.81,"average_investigation_time":2727.81,"status":"success","sourcetype":"aiops-mcp-metrics"}
{"timestamp":"2026-06-13T09:12:31Z","mcp_query_count":1,"mcp_success_count":1,"mcp_failure_count":0,"mcp_tool_usage":"splunk_run_query","tool_name":"splunk_run_query","duration_ms":2727.77,"average_investigation_time":2727.77,"status":"success","sourcetype":"aiops-mcp-metrics"}
{"timestamp":"2026-06-13T09:17:27Z","mcp_query_count":1,"mcp_success_count":1,"mcp_failure_count":0,"mcp_tool_usage":"splunk_run_query","tool_name":"splunk_run_query","duration_ms":6319.9,"average_investigation_time":6319.9,"status":"success","sourcetype":"aiops-mcp-metrics"}
{"timestamp":"2026-06-13T09:17:30Z","mcp_query_count":1,"mcp_success_count":1,"mcp_failure_count":0,"mcp_tool_usage":"splunk_run_query","tool_name":"splunk_run_query","duration_ms":2654.62,"average_investigation_time":2654.62,"status":"success","sourcetype":"aiops-mcp-metrics"}
{"timestamp":"2026-06-13T09:17:34Z","mcp_query_count":1,"mcp_success_count":1,"mcp_failure_count":0,"mcp_tool_usage":"splunk_run_query","tool_name":"splunk_run_query","duration_ms":4186.04,"average_investigation_time":4186.04,"status":"success","sourcetype":"aiops-mcp-metrics"}
{"timestamp":"2026-06-13T09:17:38Z","mcp_query_count":1,"mcp_success_count":1,"mcp_failure_count":0,"mcp_tool_usage":"splunk_run_query","tool_name":"splunk_run_query","duration_ms":3779.7,"average_investigation_time":3779.7,"status":"success","sourcetype":"aiops-mcp-metrics"}
{"timestamp":"2026-06-13T09:22:33Z","mcp_query_count":1,"mcp_success_count":1,"mcp_failure_count":0,"mcp_tool_usage":"splunk_run_query","tool_name":"splunk_run_query","duration_ms":5811.6,"average_investigation_time":5811.6,"status":"success","sourcetype":"aiops-mcp-metrics"}
{"timestamp":"2026-06-13T09:22:38Z","mcp_query_count":1,"mcp_success_count":1,"mcp_failure_count":0,"mcp_tool_usage":"splunk_run_query","tool_name":"splunk_run_query","duration_ms":4501.22,"average_investigation_time":4501.22,"status":"success","sourcetype":"aiops-mcp-metrics"}
{"timestamp":"2026-06-13T09:22:41Z","mcp_query_count":1,"mcp_success_count":1,"mcp_failure_count":0,"mcp_tool_usage":"splunk_run_query","tool_name":"splunk_run_query","duration_ms":3181.84,"average_investigation_time":3181.84,"status":"success","sourcetype":"aiops-mcp-metrics"}
{"timestamp":"2026-06-13T09:22:44Z","mcp_query_count":1,"mcp_success_count":1,"mcp_failure_count":0,"mcp_tool_usage":"splunk_run_query","tool_name":"splunk_run_query","duration_ms":2654.16,"average_investigation_time":2654.16,"status":"success","sourcetype":"aiops-mcp-metrics"}
{"timestamp":"2026-06-13T09:27:32Z","mcp_query_count":1,"mcp_success_count":1,"mcp_failure_count":0,"mcp_tool_usage":"splunk_run_query","tool_name":"splunk_run_query","duration_ms":5863.44,"average_investigation_time":5863.44,"status":"success","sourcetype":"aiops-mcp-metrics"}
{"timestamp":"2026-06-13T09:27:37Z","mcp_query_count":1,"mcp_success_count":1,"mcp_failure_count":0,"mcp_tool_usage":"splunk_run_query","tool_name":"splunk_run_query","duration_ms":4586.1,"average_investigation_time":4586.1,"status":"success","sourcetype":"aiops-mcp-metrics"}
{"timestamp":"2026-06-13T09:27:41Z","mcp_query_count":1,"mcp_success_count":1,"mcp_failure_count":0,"mcp_tool_usage":"splunk_run_query","tool_name":"splunk_run_query","duration_ms":3677.78,"average_investigation_time":3677.78,"status":"success","sourcetype":"aiops-mcp-metrics"}
{"timestamp":"2026-06-13T09:27:44Z","mcp_query_count":1,"mcp_success_count":1,"mcp_failure_count":0,"mcp_tool_usage":"splunk_run_query","tool_name":"splunk_run_query","duration_ms":3141.24,"average_investigation_time":3141.24,"status":"success","sourcetype":"aiops-mcp-metrics"}
{"timestamp":"2026-06-13T09:32:36Z","mcp_query_count":1,"mcp_success_count":1,"mcp_failure_count":0,"mcp_tool_usage":"splunk_run_query","tool_name":"splunk_run_query","duration_ms":4183.81,"average_investigation_time":4183.81,"status":"success","sourcetype":"aiops-mcp-metrics"}
{"timestamp":"2026-06-13T09:32:39Z","mcp_query_count":1,"mcp_success_count":1,"mcp_failure_count":0,"mcp_tool_usage":"splunk_run_query","tool_name":"splunk_run_query","duration_ms":3196.13,"average_investigation_time":3196.13,"status":"success","sourcetype":"aiops-mcp-metrics"}
{"timestamp":"2026-06-13T09:32:42Z","mcp_query_count":1,"mcp_success_count":1,"mcp_failure_count":0,"mcp_tool_usage":"splunk_run_query","tool_name":"splunk_run_query","duration_ms":3191.05,"average_investigation_time":3191.05,"status":"success","sourcetype":"aiops-mcp-metrics"}
{"timestamp":"2026-06-13T09:32:44Z","mcp_query_count":1,"mcp_success_count":1,"mcp_failure_count":0,"mcp_tool_usage":"splunk_run_query","tool_name":"splunk_run_query","duration_ms":2116.23,"average_investigation_time":2116.23,"status":"success","sourcetype":"aiops-mcp-metrics"}
{"timestamp":"2026-06-13T09:37:40Z","mcp_query_count":1,"mcp_success_count":1,"mcp_failure_count":0,"mcp_tool_usage":"splunk_run_query","tool_name":"splunk_run_query","duration_ms":6665.5,"average_investigation_time":6665.5,"status":"success","sourcetype":"aiops-mcp-metrics"}
{"timestamp":"2026-06-13T09:37:44Z","mcp_query_count":1,"mcp_success_count":1,"mcp_failure_count":0,"mcp_tool_usage":"splunk_run_query","tool_name":"splunk_run_query","duration_ms":3784.22,"average_investigation_time":3784.22,"status":"success","sourcetype":"aiops-mcp-metrics"}
{"timestamp":"2026-06-13T09:37:47Z","mcp_query_count":1,"mcp_success_count":1,"mcp_failure_count":0,"mcp_tool_usage":"splunk_run_query","tool_name":"splunk_run_query","duration_ms":2710.66,"average_investigation_time":2710.66,"status":"success","sourcetype":"aiops-mcp-metrics"}
{"timestamp":"2026-06-13T09:37:50Z","mcp_query_count":1,"mcp_success_count":1,"mcp_failure_count":0,"mcp_tool_usage":"splunk_run_query","tool_name":"splunk_run_query","duration_ms":2660.18,"average_investigation_time":2660.18,"status":"success","sourcetype":"aiops-mcp-metrics"}
{"timestamp":"2026-06-13T09:42:36Z","mcp_query_count":1,"mcp_success_count":1,"mcp_failure_count":0,"mcp_tool_usage":"splunk_run_query","tool_name":"splunk_run_query","duration_ms":2566.54,"average_investigation_time":2566.54,"status":"success","sourcetype":"aiops-mcp-metrics"}
{"timestamp":"2026-06-13T09:42:39Z","mcp_query_count":1,"mcp_success_count":1,"mcp_failure_count":0,"mcp_tool_usage":"splunk_run_query","tool_name":"splunk_run_query","duration_ms":2661.15,"average_investigation_time":2661.15,"status":"success","sourcetype":"aiops-mcp-metrics"}
{"timestamp":"2026-06-13T09:42:42Z","mcp_query_count":1,"mcp_success_count":1,"mcp_failure_count":0,"mcp_tool_usage":"splunk_run_query","tool_name":"splunk_run_query","duration_ms":3225.32,"average_investigation_time":3225.32,"status":"success","sourcetype":"aiops-mcp-metrics"}
{"timestamp":"2026-06-13T09:42:44Z","mcp_query_count":1,"mcp_success_count":1,"mcp_failure_count":0,"mcp_tool_usage":"splunk_run_query","tool_name":"splunk_run_query","duration_ms":2129.76,"average_investigation_time":2129.76,"status":"success","sourcetype":"aiops-mcp-metrics"}
{"timestamp":"2026-06-13T09:47:37Z","mcp_query_count":1,"mcp_success_count":1,"mcp_failure_count":0,"mcp_tool_usage":"splunk_run_query","tool_name":"splunk_run_query","duration_ms":2644.63,"average_investigation_time":2644.63,"status":"success","sourcetype":"aiops-mcp-metrics"}
{"timestamp":"2026-06-13T09:47:39Z","mcp_query_count":1,"mcp_success_count":1,"mcp_failure_count":0,"mcp_tool_usage":"splunk_run_query","tool_name":"splunk_run_query","duration_ms":2142.72,"average_investigation_time":2142.72,"status":"success","sourcetype":"aiops-mcp-metrics"}
{"timestamp":"2026-06-13T09:47:42Z","mcp_query_count":1,"mcp_success_count":1,"mcp_failure_count":0,"mcp_tool_usage":"splunk_run_query","tool_name":"splunk_run_query","duration_ms":3103.42,"average_investigation_time":3103.42,"status":"success","sourcetype":"aiops-mcp-metrics"}
{"timestamp":"2026-06-13T09:47:45Z","mcp_query_count":1,"mcp_success_count":1,"mcp_failure_count":0,"mcp_tool_usage":"splunk_run_query","tool_name":"splunk_run_query","duration_ms":2618.75,"average_investigation_time":2618.75,"status":"success","sourcetype":"aiops-mcp-metrics"}
{"timestamp":"2026-06-13T09:52:43Z","mcp_query_count":1,"mcp_success_count":1,"mcp_failure_count":0,"mcp_tool_usage":"splunk_run_query","tool_name":"splunk_run_query","duration_ms":3694.33,"average_investigation_time":3694.33,"status":"success","sourcetype":"aiops-mcp-metrics"}
{"timestamp":"2026-06-13T09:52:45Z","mcp_query_count":1,"mcp_success_count":1,"mcp_failure_count":0,"mcp_tool_usage":"splunk_run_query","tool_name":"splunk_run_query","duration_ms":2133.96,"average_investigation_time":2133.96,"status":"success","sourcetype":"aiops-mcp-metrics"}
{"timestamp":"2026-06-13T09:52:49Z","mcp_query_count":1,"mcp_success_count":1,"mcp_failure_count":0,"mcp_tool_usage":"splunk_run_query","tool_name":"splunk_run_query","duration_ms":4271.33,"average_investigation_time":4271.33,"status":"success","sourcetype":"aiops-mcp-metrics"}
{"timestamp":"2026-06-13T09:52:57Z","mcp_query_count":1,"mcp_success_count":0,"mcp_failure_count":1,"mcp_tool_usage":"splunk_run_query","tool_name":"splunk_run_query","duration_ms":8072.02,"average_investigation_time":8072.02,"status":"failure","error":"","sourcetype":"aiops-mcp-metrics"}
{"timestamp":"2026-06-13T09:58:58Z","mcp_query_count":1,"mcp_success_count":1,"mcp_failure_count":0,"mcp_tool_usage":"splunk_run_query","tool_name":"splunk_run_query","duration_ms":3688.08,"average_investigation_time":3688.08,"status":"success","sourcetype":"aiops-mcp-metrics"}
{"timestamp":"2026-06-13T09:59:01Z","mcp_query_count":1,"mcp_success_count":1,"mcp_failure_count":0,"mcp_tool_usage":"splunk_run_query","tool_name":"splunk_run_query","duration_ms":2638.51,"average_investigation_time":2638.51,"status":"success","sourcetype":"aiops-mcp-metrics"}
{"timestamp":"2026-06-13T09:59:05Z","mcp_query_count":1,"mcp_success_count":1,"mcp_failure_count":0,"mcp_tool_usage":"splunk_run_query","tool_name":"splunk_run_query","duration_ms":3674.95,"average_investigation_time":3674.95,"status":"success","sourcetype":"aiops-mcp-metrics"}
{"timestamp":"2026-06-13T09:59:08Z","mcp_query_count":1,"mcp_success_count":1,"mcp_failure_count":0,"mcp_tool_usage":"splunk_run_query","tool_name":"splunk_run_query","duration_ms":3163.97,"average_investigation_time":3163.97,"status":"success","sourcetype":"aiops-mcp-metrics"}
{"timestamp":"2026-06-13T10:03:59Z","mcp_query_count":1,"mcp_success_count":1,"mcp_failure_count":0,"mcp_tool_usage":"splunk_run_query","tool_name":"splunk_run_query","duration_ms":3708.73,"average_investigation_time":3708.73,"status":"success","sourcetype":"aiops-mcp-metrics"}
{"timestamp":"2026-06-13T10:04:01Z","mcp_query_count":1,"mcp_success_count":1,"mcp_failure_count":0,"mcp_tool_usage":"splunk_run_query","tool_name":"splunk_run_query","duration_ms":2659.91,"average_investigation_time":2659.91,"status":"success","sourcetype":"aiops-mcp-metrics"}
{"timestamp":"2026-06-13T10:04:05Z","mcp_query_count":1,"mcp_success_count":1,"mcp_failure_count":0,"mcp_tool_usage":"splunk_run_query","tool_name":"splunk_run_query","duration_ms":3141.66,"average_investigation_time":3141.66,"status":"success","sourcetype":"aiops-mcp-metrics"}
{"timestamp":"2026-06-13T10:04:07Z","mcp_query_count":1,"mcp_success_count":1,"mcp_failure_count":0,"mcp_tool_usage":"splunk_run_query","tool_name":"splunk_run_query","duration_ms":2731.62,"average_investigation_time":2731.62,"status":"success","sourcetype":"aiops-mcp-metrics"}
{"timestamp":"2026-06-13T10:09:05Z","mcp_query_count":1,"mcp_success_count":1,"mcp_failure_count":0,"mcp_tool_usage":"splunk_run_query","tool_name":"splunk_run_query","duration_ms":4204.13,"average_investigation_time":4204.13,"status":"success","sourcetype":"aiops-mcp-metrics"}
{"timestamp":"2026-06-13T10:09:07Z","mcp_query_count":1,"mcp_success_count":1,"mcp_failure_count":0,"mcp_tool_usage":"splunk_run_query","tool_name":"splunk_run_query","duration_ms":2675.5,"average_investigation_time":2675.5,"status":"success","sourcetype":"aiops-mcp-metrics"}
{"timestamp":"2026-06-13T10:09:11Z","mcp_query_count":1,"mcp_success_count":1,"mcp_failure_count":0,"mcp_tool_usage":"splunk_run_query","tool_name":"splunk_run_query","duration_ms":3756.44,"average_investigation_time":3756.44,"status":"success","sourcetype":"aiops-mcp-metrics"}
{"timestamp":"2026-06-13T10:09:14Z","mcp_query_count":1,"mcp_success_count":1,"mcp_failure_count":0,"mcp_tool_usage":"splunk_run_query","tool_name":"splunk_run_query","duration_ms":3174.69,"average_investigation_time":3174.69,"status":"success","sourcetype":"aiops-mcp-metrics"}
{"timestamp":"2026-06-13T10:14:09Z","mcp_query_count":1,"mcp_success_count":1,"mcp_failure_count":0,"mcp_tool_usage":"splunk_run_query","tool_name":"splunk_run_query","duration_ms":3247.46,"average_investigation_time":3247.46,"status":"success","sourcetype":"aiops-mcp-metrics"}
{"timestamp":"2026-06-13T10:14:12Z","mcp_query_count":1,"mcp_success_count":1,"mcp_failure_count":0,"mcp_tool_usage":"splunk_run_query","tool_name":"splunk_run_query","duration_ms":3166.09,"average_investigation_time":3166.09,"status":"success","sourcetype":"aiops-mcp-metrics"}
{"timestamp":"2026-06-13T10:14:14Z","mcp_query_count":1,"mcp_success_count":1,"mcp_failure_count":0,"mcp_tool_usage":"splunk_run_query","tool_name":"splunk_run_query","duration_ms":2654.39,"average_investigation_time":2654.39,"status":"success","sourcetype":"aiops-mcp-metrics"}
{"timestamp":"2026-06-13T10:14:17Z","mcp_query_count":1,"mcp_success_count":1,"mcp_failure_count":0,"mcp_tool_usage":"splunk_run_query","tool_name":"splunk_run_query","duration_ms":2149.84,"average_investigation_time":2149.84,"status":"success","sourcetype":"aiops-mcp-metrics"}
{"timestamp":"2026-06-13T10:19:11Z","mcp_query_count":1,"mcp_success_count":1,"mcp_failure_count":0,"mcp_tool_usage":"splunk_run_query","tool_name":"splunk_run_query","duration_ms":4790.65,"average_investigation_time":4790.65,"status":"success","sourcetype":"aiops-mcp-metrics"}
{"timestamp":"2026-06-13T10:19:14Z","mcp_query_count":1,"mcp_success_count":1,"mcp_failure_count":0,"mcp_tool_usage":"splunk_run_query","tool_name":"splunk_run_query","duration_ms":2661.68,"average_investigation_time":2661.68,"status":"success","sourcetype":"aiops-mcp-metrics"}
{"timestamp":"2026-06-13T10:19:16Z","mcp_query_count":1,"mcp_success_count":1,"mcp_failure_count":0,"mcp_tool_usage":"splunk_run_query","tool_name":"splunk_run_query","duration_ms":2669.89,"average_investigation_time":2669.89,"status":"success","sourcetype":"aiops-mcp-metrics"}
{"timestamp":"2026-06-13T10:19:19Z","mcp_query_count":1,"mcp_success_count":1,"mcp_failure_count":0,"mcp_tool_usage":"splunk_run_query","tool_name":"splunk_run_query","duration_ms":2662.52,"average_investigation_time":2662.52,"status":"success","sourcetype":"aiops-mcp-metrics"}
{"timestamp":"2026-06-13T10:24:16Z","mcp_query_count":1,"mcp_success_count":1,"mcp_failure_count":0,"mcp_tool_usage":"splunk_run_query","tool_name":"splunk_run_query","duration_ms":4692.98,"average_investigation_time":4692.98,"status":"success","sourcetype":"aiops-mcp-metrics"}
{"timestamp":"2026-06-13T10:24:19Z","mcp_query_count":1,"mcp_success_count":1,"mcp_failure_count":0,"mcp_tool_usage":"splunk_run_query","tool_name":"splunk_run_query","duration_ms":3168.17,"average_investigation_time":3168.17,"status":"success","sourcetype":"aiops-mcp-metrics"}
{"timestamp":"2026-06-13T10:24:23Z","mcp_query_count":1,"mcp_success_count":1,"mcp_failure_count":0,"mcp_tool_usage":"splunk_run_query","tool_name":"splunk_run_query","duration_ms":3171.15,"average_investigation_time":3171.15,"status":"success","sourcetype":"aiops-mcp-metrics"}
{"timestamp":"2026-06-13T10:24:26Z","mcp_query_count":1,"mcp_success_count":1,"mcp_failure_count":0,"mcp_tool_usage":"splunk_run_query","tool_name":"splunk_run_query","duration_ms":3694.45,"average_investigation_time":3694.45,"status":"success","sourcetype":"aiops-mcp-metrics"}
{"timestamp":"2026-06-13T10:29:16Z","mcp_query_count":1,"mcp_success_count":1,"mcp_failure_count":0,"mcp_tool_usage":"splunk_run_query","tool_name":"splunk_run_query","duration_ms":3657.94,"average_investigation_time":3657.94,"status":"success","sourcetype":"aiops-mcp-metrics"}
{"timestamp":"2026-06-13T10:29:18Z","mcp_query_count":1,"mcp_success_count":1,"mcp_failure_count":0,"mcp_tool_usage":"splunk_run_query","tool_name":"splunk_run_query","duration_ms":2148.16,"average_investigation_time":2148.16,"status":"success","sourcetype":"aiops-mcp-metrics"}
{"timestamp":"2026-06-13T10:29:20Z","mcp_query_count":1,"mcp_success_count":1,"mcp_failure_count":0,"mcp_tool_usage":"splunk_run_query","tool_name":"splunk_run_query","duration_ms":2673.75,"average_investigation_time":2673.75,"status":"success","sourcetype":"aiops-mcp-metrics"}
{"timestamp":"2026-06-13T10:29:23Z","mcp_query_count":1,"mcp_success_count":1,"mcp_failure_count":0,"mcp_tool_usage":"splunk_run_query","tool_name":"splunk_run_query","duration_ms":2710.31,"average_investigation_time":2710.31,"status":"success","sourcetype":"aiops-mcp-metrics"}
{"timestamp":"2026-06-13T10:34:20Z","mcp_query_count":1,"mcp_success_count":1,"mcp_failure_count":0,"mcp_tool_usage":"splunk_run_query","tool_name":"splunk_run_query","duration_ms":2628.32,"average_investigation_time":2628.32,"status":"success","sourcetype":"aiops-mcp-metrics"}
{"timestamp":"2026-06-13T10:34:23Z","mcp_query_count":1,"mcp_success_count":1,"mcp_failure_count":0,"mcp_tool_usage":"splunk_run_query","tool_name":"splunk_run_query","duration_ms":2655.86,"average_investigation_time":2655.86,"status":"success","sourcetype":"aiops-mcp-metrics"}
{"timestamp":"2026-06-13T10:34:26Z","mcp_query_count":1,"mcp_success_count":1,"mcp_failure_count":0,"mcp_tool_usage":"splunk_run_query","tool_name":"splunk_run_query","duration_ms":3181.83,"average_investigation_time":3181.83,"status":"success","sourcetype":"aiops-mcp-metrics"}
{"timestamp":"2026-06-13T10:34:29Z","mcp_query_count":1,"mcp_success_count":1,"mcp_failure_count":0,"mcp_tool_usage":"splunk_run_query","tool_name":"splunk_run_query","duration_ms":2631.11,"average_investigation_time":2631.11,"status":"success","sourcetype":"aiops-mcp-metrics"}
{"timestamp":"2026-06-13T10:39:23Z","mcp_query_count":1,"mcp_success_count":1,"mcp_failure_count":0,"mcp_tool_usage":"splunk_run_query","tool_name":"splunk_run_query","duration_ms":4705.77,"average_investigation_time":4705.77,"status":"success","sourcetype":"aiops-mcp-metrics"}
{"timestamp":"2026-06-13T10:39:26Z","mcp_query_count":1,"mcp_success_count":1,"mcp_failure_count":0,"mcp_tool_usage":"splunk_run_query","tool_name":"splunk_run_query","duration_ms":2652.56,"average_investigation_time":2652.56,"status":"success","sourcetype":"aiops-mcp-metrics"}
{"timestamp":"2026-06-13T10:39:29Z","mcp_query_count":1,"mcp_success_count":1,"mcp_failure_count":0,"mcp_tool_usage":"splunk_run_query","tool_name":"splunk_run_query","duration_ms":3760.71,"average_investigation_time":3760.71,"status":"success","sourcetype":"aiops-mcp-metrics"}
{"timestamp":"2026-06-13T10:39:32Z","mcp_query_count":1,"mcp_success_count":1,"mcp_failure_count":0,"mcp_tool_usage":"splunk_run_query","tool_name":"splunk_run_query","duration_ms":2630.9,"average_investigation_time":2630.9,"status":"success","sourcetype":"aiops-mcp-metrics"}
{"timestamp":"2026-06-13T10:44:23Z","mcp_query_count":1,"mcp_success_count":1,"mcp_failure_count":0,"mcp_tool_usage":"splunk_run_query","tool_name":"splunk_run_query","duration_ms":3711.37,"average_investigation_time":3711.37,"status":"success","sourcetype":"aiops-mcp-metrics"}
{"timestamp":"2026-06-13T10:44:26Z","mcp_query_count":1,"mcp_success_count":1,"mcp_failure_count":0,"mcp_tool_usage":"splunk_run_query","tool_name":"splunk_run_query","duration_ms":3180.94,"average_investigation_time":3180.94,"status":"success","sourcetype":"aiops-mcp-metrics"}
{"timestamp":"2026-06-13T10:44:29Z","mcp_query_count":1,"mcp_success_count":1,"mcp_failure_count":0,"mcp_tool_usage":"splunk_run_query","tool_name":"splunk_run_query","duration_ms":2818.8,"average_investigation_time":2818.8,"status":"success","sourcetype":"aiops-mcp-metrics"}
{"timestamp":"2026-06-13T10:44:32Z","mcp_query_count":1,"mcp_success_count":1,"mcp_failure_count":0,"mcp_tool_usage":"splunk_run_query","tool_name":"splunk_run_query","duration_ms":3187.72,"average_investigation_time":3187.72,"status":"success","sourcetype":"aiops-mcp-metrics"}
{"timestamp":"2026-06-13T10:49:29Z","mcp_query_count":1,"mcp_success_count":0,"mcp_failure_count":1,"mcp_tool_usage":"splunk_run_query","tool_name":"splunk_run_query","duration_ms":8034.48,"average_investigation_time":8034.48,"status":"failure","error":"","sourcetype":"aiops-mcp-metrics"}
{"timestamp":"2026-06-13T10:49:35Z","mcp_query_count":1,"mcp_success_count":1,"mcp_failure_count":0,"mcp_tool_usage":"splunk_run_query","tool_name":"splunk_run_query","duration_ms":5942.71,"average_investigation_time":5942.71,"status":"success","sourcetype":"aiops-mcp-metrics"}
{"timestamp":"2026-06-13T10:49:38Z","mcp_query_count":1,"mcp_success_count":1,"mcp_failure_count":0,"mcp_tool_usage":"splunk_run_query","tool_name":"splunk_run_query","duration_ms":3713.07,"average_investigation_time":3713.07,"status":"success","sourcetype":"aiops-mcp-metrics"}
{"timestamp":"2026-06-13T10:49:42Z","mcp_query_count":1,"mcp_success_count":1,"mcp_failure_count":0,"mcp_tool_usage":"splunk_run_query","tool_name":"splunk_run_query","duration_ms":3734.36,"average_investigation_time":3734.36,"status":"success","sourcetype":"aiops-mcp-metrics"}
{"timestamp":"2026-06-13T10:54:30Z","mcp_query_count":1,"mcp_success_count":1,"mcp_failure_count":0,"mcp_tool_usage":"splunk_run_query","tool_name":"splunk_run_query","duration_ms":4228.26,"average_investigation_time":4228.26,"status":"success","sourcetype":"aiops-mcp-metrics"}
{"timestamp":"2026-06-13T10:54:33Z","mcp_query_count":1,"mcp_success_count":1,"mcp_failure_count":0,"mcp_tool_usage":"splunk_run_query","tool_name":"splunk_run_query","duration_ms":2641.63,"average_investigation_time":2641.63,"status":"success","sourcetype":"aiops-mcp-metrics"}
{"timestamp":"2026-06-13T10:54:36Z","mcp_query_count":1,"mcp_success_count":1,"mcp_failure_count":0,"mcp_tool_usage":"splunk_run_query","tool_name":"splunk_run_query","duration_ms":3190.01,"average_investigation_time":3190.01,"status":"success","sourcetype":"aiops-mcp-metrics"}
{"timestamp":"2026-06-13T10:54:39Z","mcp_query_count":1,"mcp_success_count":1,"mcp_failure_count":0,"mcp_tool_usage":"splunk_run_query","tool_name":"splunk_run_query","duration_ms":2628.29,"average_investigation_time":2628.29,"status":"success","sourcetype":"aiops-mcp-metrics"}
{"timestamp":"2026-06-13T10:59:31Z","mcp_query_count":1,"mcp_success_count":1,"mcp_failure_count":0,"mcp_tool_usage":"splunk_run_query","tool_name":"splunk_run_query","duration_ms":4808.22,"average_investigation_time":4808.22,"status":"success","sourcetype":"aiops-mcp-metrics"}
{"timestamp":"2026-06-13T10:59:34Z","mcp_query_count":1,"mcp_success_count":1,"mcp_failure_count":0,"mcp_tool_usage":"splunk_run_query","tool_name":"splunk_run_query","duration_ms":3181.32,"average_investigation_time":3181.32,"status":"success","sourcetype":"aiops-mcp-metrics"}
{"timestamp":"2026-06-13T10:59:38Z","mcp_query_count":1,"mcp_success_count":1,"mcp_failure_count":0,"mcp_tool_usage":"splunk_run_query","tool_name":"splunk_run_query","duration_ms":3695.48,"average_investigation_time":3695.48,"status":"success","sourcetype":"aiops-mcp-metrics"}
{"timestamp":"2026-06-13T10:59:41Z","mcp_query_count":1,"mcp_success_count":1,"mcp_failure_count":0,"mcp_tool_usage":"splunk_run_query","tool_name":"splunk_run_query","duration_ms":3150.46,"average_investigation_time":3150.46,"status":"success","sourcetype":"aiops-mcp-metrics"}
{"timestamp":"2026-06-13T11:04:35Z","mcp_query_count":1,"mcp_success_count":1,"mcp_failure_count":0,"mcp_tool_usage":"splunk_run_query","tool_name":"splunk_run_query","duration_ms":4179.99,"average_investigation_time":4179.99,"status":"success","sourcetype":"aiops-mcp-metrics"}
{"timestamp":"2026-06-13T11:04:38Z","mcp_query_count":1,"mcp_success_count":1,"mcp_failure_count":0,"mcp_tool_usage":"splunk_run_query","tool_name":"splunk_run_query","duration_ms":2638.36,"average_investigation_time":2638.36,"status":"success","sourcetype":"aiops-mcp-metrics"}
{"timestamp":"2026-06-13T11:04:40Z","mcp_query_count":1,"mcp_success_count":1,"mcp_failure_count":0,"mcp_tool_usage":"splunk_run_query","tool_name":"splunk_run_query","duration_ms":2662.4,"average_investigation_time":2662.4,"status":"success","sourcetype":"aiops-mcp-metrics"}
{"timestamp":"2026-06-13T11:04:43Z","mcp_query_count":1,"mcp_success_count":1,"mcp_failure_count":0,"mcp_tool_usage":"splunk_run_query","tool_name":"splunk_run_query","duration_ms":2640.68,"average_investigation_time":2640.68,"status":"success","sourcetype":"aiops-mcp-metrics"}
{"timestamp":"2026-06-13T11:07:59Z","mcp_query_count":1,"mcp_success_count":0,"mcp_failure_count":1,"mcp_tool_usage":"splunk_run_query","tool_name":"splunk_run_query","duration_ms":8130.52,"average_investigation_time":8130.52,"status":"failure","error":"","sourcetype":"aiops-mcp-metrics"}
{"timestamp":"2026-06-13T11:08:07Z","mcp_query_count":1,"mcp_success_count":0,"mcp_failure_count":1,"mcp_tool_usage":"splunk_run_query","tool_name":"splunk_run_query","duration_ms":8063.21,"average_investigation_time":8063.21,"status":"failure","error":"","sourcetype":"aiops-mcp-metrics"}
{"timestamp":"2026-06-13T11:08:52Z","mcp_query_count":1,"mcp_success_count":0,"mcp_failure_count":1,"mcp_tool_usage":"splunk_run_query","tool_name":"splunk_run_query","duration_ms":8048.45,"average_investigation_time":8048.45,"status":"failure","error":"","sourcetype":"aiops-mcp-metrics"}
{"timestamp":"2026-06-13T11:08:56Z","mcp_query_count":1,"mcp_success_count":1,"mcp_failure_count":0,"mcp_tool_usage":"splunk_run_query","tool_name":"splunk_run_query","duration_ms":4307.57,"average_investigation_time":4307.57,"status":"success","sourcetype":"aiops-mcp-metrics"}
{"timestamp":"2026-06-13T11:09:01Z","mcp_query_count":1,"mcp_success_count":1,"mcp_failure_count":0,"mcp_tool_usage":"splunk_run_query","tool_name":"splunk_run_query","duration_ms":4244.44,"average_investigation_time":4244.44,"status":"success","sourcetype":"aiops-mcp-metrics"}
{"timestamp":"2026-06-13T11:09:46Z","mcp_query_count":1,"mcp_success_count":1,"mcp_failure_count":0,"mcp_tool_usage":"splunk_run_query","tool_name":"splunk_run_query","duration_ms":3017.55,"average_investigation_time":3017.55,"status":"success","sourcetype":"aiops-mcp-metrics"}
{"timestamp":"2026-06-13T11:09:51Z","mcp_query_count":1,"mcp_success_count":1,"mcp_failure_count":0,"mcp_tool_usage":"splunk_run_query","tool_name":"splunk_run_query","duration_ms":4883.03,"average_investigation_time":4883.03,"status":"success","sourcetype":"aiops-mcp-metrics"}
{"timestamp":"2026-06-13T11:09:55Z","mcp_query_count":1,"mcp_success_count":1,"mcp_failure_count":0,"mcp_tool_usage":"splunk_run_query","tool_name":"splunk_run_query","duration_ms":3782.86,"average_investigation_time":3782.86,"status":"success","sourcetype":"aiops-mcp-metrics"}
{"timestamp":"2026-06-13T11:10:01Z","mcp_query_count":1,"mcp_success_count":1,"mcp_failure_count":0,"mcp_tool_usage":"splunk_run_query","tool_name":"splunk_run_query","duration_ms":6044.64,"average_investigation_time":6044.64,"status":"success","sourcetype":"aiops-mcp-metrics"}
{"timestamp":"2026-06-13T11:12:30Z","mcp_query_count":1,"mcp_success_count":1,"mcp_failure_count":0,"mcp_tool_usage":"splunk_run_query","tool_name":"splunk_run_query","duration_ms":4201.54,"average_investigation_time":4201.54,"status":"success","sourcetype":"aiops-mcp-metrics"}
{"timestamp":"2026-06-13T11:12:33Z","mcp_query_count":1,"mcp_success_count":1,"mcp_failure_count":0,"mcp_tool_usage":"splunk_run_query","tool_name":"splunk_run_query","duration_ms":3255.68,"average_investigation_time":3255.68,"status":"success","sourcetype":"aiops-mcp-metrics"}
{"timestamp":"2026-06-13T11:12:41Z","mcp_query_count":1,"mcp_success_count":0,"mcp_failure_count":1,"mcp_tool_usage":"splunk_run_query","tool_name":"splunk_run_query","duration_ms":8150.98,"average_investigation_time":8150.98,"status":"failure","error":"","sourcetype":"aiops-mcp-metrics"}
{"timestamp":"2026-06-13T11:14:44Z","mcp_query_count":1,"mcp_success_count":1,"mcp_failure_count":0,"mcp_tool_usage":"splunk_run_query","tool_name":"splunk_run_query","duration_ms":2487.9,"average_investigation_time":2487.9,"status":"success","sourcetype":"aiops-mcp-metrics"}
{"timestamp":"2026-06-13T11:14:46Z","mcp_query_count":1,"mcp_success_count":1,"mcp_failure_count":0,"mcp_tool_usage":"splunk_run_query","tool_name":"splunk_run_query","duration_ms":2641.81,"average_investigation_time":2641.81,"status":"success","sourcetype":"aiops-mcp-metrics"}
{"timestamp":"2026-06-13T11:14:47Z","mcp_query_count":1,"mcp_success_count":1,"mcp_failure_count":0,"mcp_tool_usage":"splunk_run_query","tool_name":"splunk_run_query","duration_ms":3195.79,"average_investigation_time":3195.79,"status":"success","sourcetype":"aiops-mcp-metrics"}
{"timestamp":"2026-06-13T11:14:50Z","mcp_query_count":1,"mcp_success_count":1,"mcp_failure_count":0,"mcp_tool_usage":"splunk_run_query","tool_name":"splunk_run_query","duration_ms":3191.72,"average_investigation_time":3191.72,"status":"success","sourcetype":"aiops-mcp-metrics"}
{"timestamp":"2026-06-13T11:14:50Z","mcp_query_count":1,"mcp_success_count":1,"mcp_failure_count":0,"mcp_tool_usage":"splunk_run_query","tool_name":"splunk_run_query","duration_ms":2647.08,"average_investigation_time":2647.08,"status":"success","sourcetype":"aiops-mcp-metrics"}
{"timestamp":"2026-06-13T11:14:54Z","mcp_query_count":1,"mcp_success_count":1,"mcp_failure_count":0,"mcp_tool_usage":"splunk_run_query","tool_name":"splunk_run_query","duration_ms":4315.66,"average_investigation_time":4315.66,"status":"success","sourcetype":"aiops-mcp-metrics"}
{"timestamp":"2026-06-13T11:14:57Z","mcp_query_count":1,"mcp_success_count":1,"mcp_failure_count":0,"mcp_tool_usage":"splunk_run_query","tool_name":"splunk_run_query","duration_ms":3159.7,"average_investigation_time":3159.7,"status":"success","sourcetype":"aiops-mcp-metrics"}
{"timestamp":"2026-06-13T11:20:06Z","mcp_query_count":1,"mcp_success_count":1,"mcp_failure_count":0,"mcp_tool_usage":"splunk_run_query","tool_name":"splunk_run_query","duration_ms":4728.41,"average_investigation_time":4728.41,"status":"success","sourcetype":"aiops-mcp-metrics"}
{"timestamp":"2026-06-13T11:20:08Z","mcp_query_count":1,"mcp_success_count":1,"mcp_failure_count":0,"mcp_tool_usage":"splunk_run_query","tool_name":"splunk_run_query","duration_ms":2687.35,"average_investigation_time":2687.35,"status":"success","sourcetype":"aiops-mcp-metrics"}
{"timestamp":"2026-06-13T11:20:12Z","mcp_query_count":1,"mcp_success_count":1,"mcp_failure_count":0,"mcp_tool_usage":"splunk_run_query","tool_name":"splunk_run_query","duration_ms":3282.64,"average_investigation_time":3282.64,"status":"success","sourcetype":"aiops-mcp-metrics"}
{"timestamp":"2026-06-13T11:20:15Z","mcp_query_count":1,"mcp_success_count":1,"mcp_failure_count":0,"mcp_tool_usage":"splunk_run_query","tool_name":"splunk_run_query","duration_ms":3190.12,"average_investigation_time":3190.12,"status":"success","sourcetype":"aiops-mcp-metrics"}
{"timestamp":"2026-06-13T11:25:57Z","mcp_query_count":1,"mcp_success_count":1,"mcp_failure_count":0,"mcp_tool_usage":"splunk_run_query","tool_name":"splunk_run_query","duration_ms":5796.12,"average_investigation_time":5796.12,"status":"success","sourcetype":"aiops-mcp-metrics"}
{"timestamp":"2026-06-13T11:25:59Z","mcp_query_count":1,"mcp_success_count":1,"mcp_failure_count":0,"mcp_tool_usage":"splunk_run_query","tool_name":"splunk_run_query","duration_ms":2145.8,"average_investigation_time":2145.8,"status":"success","sourcetype":"aiops-mcp-metrics"}
{"timestamp":"2026-06-13T11:26:02Z","mcp_query_count":1,"mcp_success_count":1,"mcp_failure_count":0,"mcp_tool_usage":"splunk_run_query","tool_name":"splunk_run_query","duration_ms":3170.38,"average_investigation_time":3170.38,"status":"success","sourcetype":"aiops-mcp-metrics"}
{"timestamp":"2026-06-13T11:26:06Z","mcp_query_count":1,"mcp_success_count":1,"mcp_failure_count":0,"mcp_tool_usage":"splunk_run_query","tool_name":"splunk_run_query","duration_ms":3903.15,"average_investigation_time":3903.15,"status":"success","sourcetype":"aiops-mcp-metrics"}
{"timestamp":"2026-06-13T11:31:03Z","mcp_query_count":1,"mcp_success_count":0,"mcp_failure_count":1,"mcp_tool_usage":"splunk_run_query","tool_name":"splunk_run_query","duration_ms":8040.57,"average_investigation_time":8040.57,"status":"failure","error":"","sourcetype":"aiops-mcp-metrics"}
{"timestamp":"2026-06-13T11:31:08Z","mcp_query_count":1,"mcp_success_count":1,"mcp_failure_count":0,"mcp_tool_usage":"splunk_run_query","tool_name":"splunk_run_query","duration_ms":4930.51,"average_investigation_time":4930.51,"status":"success","sourcetype":"aiops-mcp-metrics"}
{"timestamp":"2026-06-13T11:31:08Z","mcp_query_count":1,"mcp_success_count":1,"mcp_failure_count":0,"mcp_tool_usage":"splunk_run_query","tool_name":"splunk_run_query","duration_ms":4862.92,"average_investigation_time":4862.92,"status":"success","sourcetype":"aiops-mcp-metrics"}
{"timestamp":"2026-06-13T11:31:11Z","mcp_query_count":1,"mcp_success_count":1,"mcp_failure_count":0,"mcp_tool_usage":"splunk_run_query","tool_name":"splunk_run_query","duration_ms":3725.15,"average_investigation_time":3725.15,"status":"success","sourcetype":"aiops-mcp-metrics"}
{"timestamp":"2026-06-13T11:31:12Z","mcp_query_count":1,"mcp_success_count":1,"mcp_failure_count":0,"mcp_tool_usage":"splunk_run_query","tool_name":"splunk_run_query","duration_ms":4206.4,"average_investigation_time":4206.4,"status":"success","sourcetype":"aiops-mcp-metrics"}
{"timestamp":"2026-06-13T11:31:14Z","mcp_query_count":1,"mcp_success_count":1,"mcp_failure_count":0,"mcp_tool_usage":"splunk_run_query","tool_name":"splunk_run_query","duration_ms":2652.87,"average_investigation_time":2652.87,"status":"success","sourcetype":"aiops-mcp-metrics"}
{"timestamp":"2026-06-13T11:31:15Z","mcp_query_count":1,"mcp_success_count":1,"mcp_failure_count":0,"mcp_tool_usage":"splunk_run_query","tool_name":"splunk_run_query","duration_ms":3196.27,"average_investigation_time":3196.27,"status":"success","sourcetype":"aiops-mcp-metrics"}
{"timestamp":"2026-06-13T11:36:22Z","mcp_query_count":1,"mcp_success_count":1,"mcp_failure_count":0,"mcp_tool_usage":"splunk_run_query","tool_name":"splunk_run_query","duration_ms":3701.42,"average_investigation_time":3701.42,"status":"success","sourcetype":"aiops-mcp-metrics"}
{"timestamp":"2026-06-13T11:36:25Z","mcp_query_count":1,"mcp_success_count":1,"mcp_failure_count":0,"mcp_tool_usage":"splunk_run_query","tool_name":"splunk_run_query","duration_ms":2810.44,"average_investigation_time":2810.44,"status":"success","sourcetype":"aiops-mcp-metrics"}
{"timestamp":"2026-06-13T11:36:29Z","mcp_query_count":1,"mcp_success_count":1,"mcp_failure_count":0,"mcp_tool_usage":"splunk_run_query","tool_name":"splunk_run_query","duration_ms":4217.47,"average_investigation_time":4217.47,"status":"success","sourcetype":"aiops-mcp-metrics"}
{"timestamp":"2026-06-13T11:36:34Z","mcp_query_count":1,"mcp_success_count":1,"mcp_failure_count":0,"mcp_tool_usage":"splunk_run_query","tool_name":"splunk_run_query","duration_ms":4781.37,"average_investigation_time":4781.37,"status":"success","sourcetype":"aiops-mcp-metrics"}
{"timestamp":"2026-06-13T11:41:21Z","mcp_query_count":1,"mcp_success_count":1,"mcp_failure_count":0,"mcp_tool_usage":"splunk_run_query","tool_name":"splunk_run_query","duration_ms":2298.22,"average_investigation_time":2298.22,"status":"success","sourcetype":"aiops-mcp-metrics"}
{"timestamp":"2026-06-13T11:41:24Z","mcp_query_count":1,"mcp_success_count":1,"mcp_failure_count":0,"mcp_tool_usage":"splunk_run_query","tool_name":"splunk_run_query","duration_ms":2628.71,"average_investigation_time":2628.71,"status":"success","sourcetype":"aiops-mcp-metrics"}
{"timestamp":"2026-06-13T11:41:27Z","mcp_query_count":1,"mcp_success_count":1,"mcp_failure_count":0,"mcp_tool_usage":"splunk_run_query","tool_name":"splunk_run_query","duration_ms":3659.78,"average_investigation_time":3659.78,"status":"success","sourcetype":"aiops-mcp-metrics"}
{"timestamp":"2026-06-13T11:41:30Z","mcp_query_count":1,"mcp_success_count":1,"mcp_failure_count":0,"mcp_tool_usage":"splunk_run_query","tool_name":"splunk_run_query","duration_ms":2157.26,"average_investigation_time":2157.26,"status":"success","sourcetype":"aiops-mcp-metrics"}
{"timestamp":"2026-06-13T11:47:23Z","mcp_query_count":1,"mcp_success_count":1,"mcp_failure_count":0,"mcp_tool_usage":"splunk_run_query","tool_name":"splunk_run_query","duration_ms":4765.39,"average_investigation_time":4765.39,"status":"success","sourcetype":"aiops-mcp-metrics"}
{"timestamp":"2026-06-13T11:47:28Z","mcp_query_count":1,"mcp_success_count":1,"mcp_failure_count":0,"mcp_tool_usage":"splunk_run_query","tool_name":"splunk_run_query","duration_ms":4336.33,"average_investigation_time":4336.33,"status":"success","sourcetype":"aiops-mcp-metrics"}
{"timestamp":"2026-06-13T11:47:32Z","mcp_query_count":1,"mcp_success_count":1,"mcp_failure_count":0,"mcp_tool_usage":"splunk_run_query","tool_name":"splunk_run_query","duration_ms":3763.53,"average_investigation_time":3763.53,"status":"success","sourcetype":"aiops-mcp-metrics"}
{"timestamp":"2026-06-13T11:47:34Z","mcp_query_count":1,"mcp_success_count":1,"mcp_failure_count":0,"mcp_tool_usage":"splunk_run_query","tool_name":"splunk_run_query","duration_ms":2691.54,"average_investigation_time":2691.54,"status":"success","sourcetype":"aiops-mcp-metrics"}
{"timestamp":"2026-06-13T11:52:23Z","mcp_query_count":1,"mcp_success_count":1,"mcp_failure_count":0,"mcp_tool_usage":"splunk_run_query","tool_name":"splunk_run_query","duration_ms":3675.51,"average_investigation_time":3675.51,"status":"success","sourcetype":"aiops-mcp-metrics"}
{"timestamp":"2026-06-13T11:52:25Z","mcp_query_count":1,"mcp_success_count":1,"mcp_failure_count":0,"mcp_tool_usage":"splunk_run_query","tool_name":"splunk_run_query","duration_ms":2669.81,"average_investigation_time":2669.81,"status":"success","sourcetype":"aiops-mcp-metrics"}
{"timestamp":"2026-06-13T11:52:28Z","mcp_query_count":1,"mcp_success_count":1,"mcp_failure_count":0,"mcp_tool_usage":"splunk_run_query","tool_name":"splunk_run_query","duration_ms":2656.52,"average_investigation_time":2656.52,"status":"success","sourcetype":"aiops-mcp-metrics"}
{"timestamp":"2026-06-13T11:52:30Z","mcp_query_count":1,"mcp_success_count":1,"mcp_failure_count":0,"mcp_tool_usage":"splunk_run_query","tool_name":"splunk_run_query","duration_ms":2133.33,"average_investigation_time":2133.33,"status":"success","sourcetype":"aiops-mcp-metrics"}
{"timestamp":"2026-06-13T11:57:30Z","mcp_query_count":1,"mcp_success_count":1,"mcp_failure_count":0,"mcp_tool_usage":"splunk_run_query","tool_name":"splunk_run_query","duration_ms":4801.36,"average_investigation_time":4801.36,"status":"success","sourcetype":"aiops-mcp-metrics"}
{"timestamp":"2026-06-13T11:57:32Z","mcp_query_count":1,"mcp_success_count":1,"mcp_failure_count":0,"mcp_tool_usage":"splunk_run_query","tool_name":"splunk_run_query","duration_ms":2145.75,"average_investigation_time":2145.75,"status":"success","sourcetype":"aiops-mcp-metrics"}
{"timestamp":"2026-06-13T11:57:34Z","mcp_query_count":1,"mcp_success_count":1,"mcp_failure_count":0,"mcp_tool_usage":"splunk_run_query","tool_name":"splunk_run_query","duration_ms":2667.62,"average_investigation_time":2667.62,"status":"success","sourcetype":"aiops-mcp-metrics"}
{"timestamp":"2026-06-13T11:57:37Z","mcp_query_count":1,"mcp_success_count":1,"mcp_failure_count":0,"mcp_tool_usage":"splunk_run_query","tool_name":"splunk_run_query","duration_ms":2124.13,"average_investigation_time":2124.13,"status":"success","sourcetype":"aiops-mcp-metrics"}
{"timestamp":"2026-06-13T12:02:31Z","mcp_query_count":1,"mcp_success_count":1,"mcp_failure_count":0,"mcp_tool_usage":"splunk_run_query","tool_name":"splunk_run_query","duration_ms":4267.38,"average_investigation_time":4267.38,"status":"success","sourcetype":"aiops-mcp-metrics"}
{"timestamp":"2026-06-13T12:02:34Z","mcp_query_count":1,"mcp_success_count":1,"mcp_failure_count":0,"mcp_tool_usage":"splunk_run_query","tool_name":"splunk_run_query","duration_ms":3188.77,"average_investigation_time":3188.77,"status":"success","sourcetype":"aiops-mcp-metrics"}
{"timestamp":"2026-06-13T12:07:36Z","mcp_query_count":1,"mcp_success_count":0,"mcp_failure_count":1,"mcp_tool_usage":"splunk_run_query","tool_name":"splunk_run_query","duration_ms":8038.0,"average_investigation_time":8038.0,"status":"failure","error":"","sourcetype":"aiops-mcp-metrics"}
{"timestamp":"2026-06-13T12:07:44Z","mcp_query_count":1,"mcp_success_count":0,"mcp_failure_count":1,"mcp_tool_usage":"splunk_run_query","tool_name":"splunk_run_query","duration_ms":8072.52,"average_investigation_time":8072.52,"status":"failure","error":"","sourcetype":"aiops-mcp-metrics"}
{"timestamp":"2026-06-13T12:07:49Z","mcp_query_count":1,"mcp_success_count":1,"mcp_failure_count":0,"mcp_tool_usage":"splunk_run_query","tool_name":"splunk_run_query","duration_ms":4989.33,"average_investigation_time":4989.33,"status":"success","sourcetype":"aiops-mcp-metrics"}
{"timestamp":"2026-06-13T12:26:46Z","mcp_query_count":1,"mcp_success_count":0,"mcp_failure_count":1,"mcp_tool_usage":"splunk_run_query","tool_name":"splunk_run_query","duration_ms":12286.14,"average_investigation_time":12286.14,"status":"failure","error":"","sourcetype":"aiops-mcp-metrics"}
{"timestamp":"2026-06-13T12:26:53Z","mcp_query_count":1,"mcp_success_count":1,"mcp_failure_count":0,"mcp_tool_usage":"splunk_run_query","tool_name":"splunk_run_query","duration_ms":7111.56,"average_investigation_time":7111.56,"status":"success","sourcetype":"aiops-mcp-metrics"}
{"timestamp":"2026-06-13T12:26:59Z","mcp_query_count":1,"mcp_success_count":1,"mcp_failure_count":0,"mcp_tool_usage":"splunk_run_query","tool_name":"splunk_run_query","duration_ms":5835.85,"average_investigation_time":5835.85,"status":"success","sourcetype":"aiops-mcp-metrics"}
{"timestamp":"2026-06-13T12:27:04Z","mcp_query_count":1,"mcp_success_count":1,"mcp_failure_count":0,"mcp_tool_usage":"splunk_run_query","tool_name":"splunk_run_query","duration_ms":4942.22,"average_investigation_time":4942.22,"status":"success","sourcetype":"aiops-mcp-metrics"}
{"timestamp":"2026-06-13T12:29:24Z","mcp_query_count":1,"mcp_success_count":1,"mcp_failure_count":0,"mcp_tool_usage":"splunk_run_query","tool_name":"splunk_run_query","duration_ms":3142.33,"average_investigation_time":3142.33,"status":"success","sourcetype":"aiops-mcp-metrics"}
{"timestamp":"2026-06-13T12:29:27Z","mcp_query_count":1,"mcp_success_count":1,"mcp_failure_count":0,"mcp_tool_usage":"splunk_run_query","tool_name":"splunk_run_query","duration_ms":3797.36,"average_investigation_time":3797.36,"status":"success","sourcetype":"aiops-mcp-metrics"}
{"timestamp":"2026-06-13T12:29:31Z","mcp_query_count":1,"mcp_success_count":1,"mcp_failure_count":0,"mcp_tool_usage":"splunk_run_query","tool_name":"splunk_run_query","duration_ms":3150.23,"average_investigation_time":3150.23,"status":"success","sourcetype":"aiops-mcp-metrics"}
{"timestamp":"2026-06-13T12:31:36Z","mcp_query_count":1,"mcp_success_count":1,"mcp_failure_count":0,"mcp_tool_usage":"splunk_run_query","tool_name":"splunk_run_query","duration_ms":3731.5,"average_investigation_time":3731.5,"status":"success","sourcetype":"aiops-mcp-metrics"}
{"timestamp":"2026-06-13T12:31:39Z","mcp_query_count":1,"mcp_success_count":1,"mcp_failure_count":0,"mcp_tool_usage":"splunk_run_query","tool_name":"splunk_run_query","duration_ms":3182.22,"average_investigation_time":3182.22,"status":"success","sourcetype":"aiops-mcp-metrics"}
{"timestamp":"2026-06-13T12:31:44Z","mcp_query_count":1,"mcp_success_count":1,"mcp_failure_count":0,"mcp_tool_usage":"splunk_run_query","tool_name":"splunk_run_query","duration_ms":5528.13,"average_investigation_time":5528.13,"status":"success","sourcetype":"aiops-mcp-metrics"}
{"timestamp":"2026-06-13T12:31:52Z","mcp_query_count":1,"mcp_success_count":0,"mcp_failure_count":1,"mcp_tool_usage":"splunk_run_query","tool_name":"splunk_run_query","duration_ms":8046.89,"average_investigation_time":8046.89,"status":"failure","error":"","sourcetype":"aiops-mcp-metrics"}
{"timestamp":"2026-06-13T12:36:41Z","mcp_query_count":1,"mcp_success_count":0,"mcp_failure_count":1,"mcp_tool_usage":"splunk_run_query","tool_name":"splunk_run_query","duration_ms":8060.37,"average_investigation_time":8060.37,"status":"failure","error":"","sourcetype":"aiops-mcp-metrics"}
{"timestamp":"2026-06-13T12:36:49Z","mcp_query_count":1,"mcp_success_count":0,"mcp_failure_count":1,"mcp_tool_usage":"splunk_run_query","tool_name":"splunk_run_query","duration_ms":8079.7,"average_investigation_time":8079.7,"status":"failure","error":"","sourcetype":"aiops-mcp-metrics"}
{"timestamp":"2026-06-13T12:36:52Z","mcp_query_count":1,"mcp_success_count":0,"mcp_failure_count":1,"mcp_tool_usage":"splunk_run_query","tool_name":"splunk_run_query","duration_ms":8058.58,"average_investigation_time":8058.58,"status":"failure","error":"","sourcetype":"aiops-mcp-metrics"}
{"timestamp":"2026-06-13T12:36:57Z","mcp_query_count":1,"mcp_success_count":0,"mcp_failure_count":1,"mcp_tool_usage":"splunk_run_query","tool_name":"splunk_run_query","duration_ms":8074.64,"average_investigation_time":8074.64,"status":"failure","error":"","sourcetype":"aiops-mcp-metrics"}
{"timestamp":"2026-06-13T12:37:00Z","mcp_query_count":1,"mcp_success_count":0,"mcp_failure_count":1,"mcp_tool_usage":"splunk_run_query","tool_name":"splunk_run_query","duration_ms":8041.52,"average_investigation_time":8041.52,"status":"failure","error":"","sourcetype":"aiops-mcp-metrics"}
{"timestamp":"2026-06-13T12:41:40Z","mcp_query_count":1,"mcp_success_count":1,"mcp_failure_count":0,"mcp_tool_usage":"splunk_run_query","tool_name":"splunk_run_query","duration_ms":5351.43,"average_investigation_time":5351.43,"status":"success","sourcetype":"aiops-mcp-metrics"}
{"timestamp":"2026-06-13T12:41:43Z","mcp_query_count":1,"mcp_success_count":1,"mcp_failure_count":0,"mcp_tool_usage":"splunk_run_query","tool_name":"splunk_run_query","duration_ms":3203.83,"average_investigation_time":3203.83,"status":"success","sourcetype":"aiops-mcp-metrics"}
{"timestamp":"2026-06-13T12:41:46Z","mcp_query_count":1,"mcp_success_count":1,"mcp_failure_count":0,"mcp_tool_usage":"splunk_run_query","tool_name":"splunk_run_query","duration_ms":2729.68,"average_investigation_time":2729.68,"status":"success","sourcetype":"aiops-mcp-metrics"}
{"timestamp":"2026-06-13T12:41:54Z","mcp_query_count":1,"mcp_success_count":1,"mcp_failure_count":0,"mcp_tool_usage":"splunk_run_query","tool_name":"splunk_run_query","duration_ms":8004.76,"average_investigation_time":8004.76,"status":"success","sourcetype":"aiops-mcp-metrics"}
{"timestamp":"2026-06-13T12:42:30Z","mcp_query_count":1,"mcp_success_count":1,"mcp_failure_count":0,"mcp_tool_usage":"splunk_run_query","tool_name":"splunk_run_query","duration_ms":2313.3,"average_investigation_time":2313.3,"status":"success","sourcetype":"aiops-mcp-metrics"}
{"timestamp":"2026-06-13T12:42:37Z","mcp_query_count":1,"mcp_success_count":1,"mcp_failure_count":0,"mcp_tool_usage":"splunk_run_query","tool_name":"splunk_run_query","duration_ms":7337.17,"average_investigation_time":7337.17,"status":"success","sourcetype":"aiops-mcp-metrics"}
{"timestamp":"2026-06-13T12:42:45Z","mcp_query_count":1,"mcp_success_count":0,"mcp_failure_count":1,"mcp_tool_usage":"splunk_run_query","tool_name":"splunk_run_query","duration_ms":8029.31,"average_investigation_time":8029.31,"status":"failure","error":"","sourcetype":"aiops-mcp-metrics"}
{"timestamp":"2026-06-13T12:46:40Z","mcp_query_count":1,"mcp_success_count":1,"mcp_failure_count":0,"mcp_tool_usage":"splunk_run_query","tool_name":"splunk_run_query","duration_ms":4711.36,"average_investigation_time":4711.36,"status":"success","sourcetype":"aiops-mcp-metrics"}
{"timestamp":"2026-06-13T12:46:42Z","mcp_query_count":1,"mcp_success_count":1,"mcp_failure_count":0,"mcp_tool_usage":"splunk_run_query","tool_name":"splunk_run_query","duration_ms":2133.47,"average_investigation_time":2133.47,"status":"success","sourcetype":"aiops-mcp-metrics"}
{"timestamp":"2026-06-13T12:46:45Z","mcp_query_count":1,"mcp_success_count":1,"mcp_failure_count":0,"mcp_tool_usage":"splunk_run_query","tool_name":"splunk_run_query","duration_ms":2654.77,"average_investigation_time":2654.77,"status":"success","sourcetype":"aiops-mcp-metrics"}
{"timestamp":"2026-06-13T12:46:47Z","mcp_query_count":1,"mcp_success_count":1,"mcp_failure_count":0,"mcp_tool_usage":"splunk_run_query","tool_name":"splunk_run_query","duration_ms":2630.76,"average_investigation_time":2630.76,"status":"success","sourcetype":"aiops-mcp-metrics"}
{"timestamp":"2026-06-13T12:51:50Z","mcp_query_count":1,"mcp_success_count":0,"mcp_failure_count":1,"mcp_tool_usage":"splunk_run_query","tool_name":"splunk_run_query","duration_ms":8071.7,"average_investigation_time":8071.7,"status":"failure","error":"","sourcetype":"aiops-mcp-metrics"}
{"timestamp":"2026-06-13T12:51:58Z","mcp_query_count":1,"mcp_success_count":0,"mcp_failure_count":1,"mcp_tool_usage":"splunk_run_query","tool_name":"splunk_run_query","duration_ms":8076.81,"average_investigation_time":8076.81,"status":"failure","error":"","sourcetype":"aiops-mcp-metrics"}
{"timestamp":"2026-06-13T12:52:05Z","mcp_query_count":1,"mcp_success_count":1,"mcp_failure_count":0,"mcp_tool_usage":"splunk_run_query","tool_name":"splunk_run_query","duration_ms":7295.56,"average_investigation_time":7295.56,"status":"success","sourcetype":"aiops-mcp-metrics"}
{"timestamp":"2026-06-13T12:56:48Z","mcp_query_count":1,"mcp_success_count":1,"mcp_failure_count":0,"mcp_tool_usage":"splunk_run_query","tool_name":"splunk_run_query","duration_ms":5257.6,"average_investigation_time":5257.6,"status":"success","sourcetype":"aiops-mcp-metrics"}
{"timestamp":"2026-06-13T12:56:52Z","mcp_query_count":1,"mcp_success_count":1,"mcp_failure_count":0,"mcp_tool_usage":"splunk_run_query","tool_name":"splunk_run_query","duration_ms":3697.16,"average_investigation_time":3697.16,"status":"success","sourcetype":"aiops-mcp-metrics"}
{"timestamp":"2026-06-13T12:56:57Z","mcp_query_count":1,"mcp_success_count":1,"mcp_failure_count":0,"mcp_tool_usage":"splunk_run_query","tool_name":"splunk_run_query","duration_ms":5406.68,"average_investigation_time":5406.68,"status":"success","sourcetype":"aiops-mcp-metrics"}
{"timestamp":"2026-06-13T12:57:01Z","mcp_query_count":1,"mcp_success_count":1,"mcp_failure_count":0,"mcp_tool_usage":"splunk_run_query","tool_name":"splunk_run_query","duration_ms":3707.89,"average_investigation_time":3707.89,"status":"success","sourcetype":"aiops-mcp-metrics"}
{"timestamp":"2026-06-13T13:01:51Z","mcp_query_count":1,"mcp_success_count":1,"mcp_failure_count":0,"mcp_tool_usage":"splunk_run_query","tool_name":"splunk_run_query","duration_ms":6928.77,"average_investigation_time":6928.77,"status":"success","sourcetype":"aiops-mcp-metrics"}
{"timestamp":"2026-06-13T13:01:54Z","mcp_query_count":1,"mcp_success_count":1,"mcp_failure_count":0,"mcp_tool_usage":"splunk_run_query","tool_name":"splunk_run_query","duration_ms":3204.24,"average_investigation_time":3204.24,"status":"success","sourcetype":"aiops-mcp-metrics"}
{"timestamp":"2026-06-13T13:01:58Z","mcp_query_count":1,"mcp_success_count":1,"mcp_failure_count":0,"mcp_tool_usage":"splunk_run_query","tool_name":"splunk_run_query","duration_ms":4315.95,"average_investigation_time":4315.95,"status":"success","sourcetype":"aiops-mcp-metrics"}
{"timestamp":"2026-06-13T13:02:02Z","mcp_query_count":1,"mcp_success_count":1,"mcp_failure_count":0,"mcp_tool_usage":"splunk_run_query","tool_name":"splunk_run_query","duration_ms":3800.71,"average_investigation_time":3800.71,"status":"success","sourcetype":"aiops-mcp-metrics"}
{"timestamp":"2026-06-13T13:07:53Z","mcp_query_count":1,"mcp_success_count":1,"mcp_failure_count":0,"mcp_tool_usage":"splunk_run_query","tool_name":"splunk_run_query","duration_ms":4215.3,"average_investigation_time":4215.3,"status":"success","sourcetype":"aiops-mcp-metrics"}
{"timestamp":"2026-06-13T13:07:55Z","mcp_query_count":1,"mcp_success_count":1,"mcp_failure_count":0,"mcp_tool_usage":"splunk_run_query","tool_name":"splunk_run_query","duration_ms":2140.38,"average_investigation_time":2140.38,"status":"success","sourcetype":"aiops-mcp-metrics"}
{"timestamp":"2026-06-13T13:07:58Z","mcp_query_count":1,"mcp_success_count":1,"mcp_failure_count":0,"mcp_tool_usage":"splunk_run_query","tool_name":"splunk_run_query","duration_ms":2656.68,"average_investigation_time":2656.68,"status":"success","sourcetype":"aiops-mcp-metrics"}
{"timestamp":"2026-06-13T13:08:01Z","mcp_query_count":1,"mcp_success_count":1,"mcp_failure_count":0,"mcp_tool_usage":"splunk_run_query","tool_name":"splunk_run_query","duration_ms":2652.55,"average_investigation_time":2652.55,"status":"success","sourcetype":"aiops-mcp-metrics"}
{"timestamp":"2026-06-13T13:12:54Z","mcp_query_count":1,"mcp_success_count":1,"mcp_failure_count":0,"mcp_tool_usage":"splunk_run_query","tool_name":"splunk_run_query","duration_ms":4186.01,"average_investigation_time":4186.01,"status":"success","sourcetype":"aiops-mcp-metrics"}
{"timestamp":"2026-06-13T13:12:57Z","mcp_query_count":1,"mcp_success_count":1,"mcp_failure_count":0,"mcp_tool_usage":"splunk_run_query","tool_name":"splunk_run_query","duration_ms":3262.11,"average_investigation_time":3262.11,"status":"success","sourcetype":"aiops-mcp-metrics"}
{"timestamp":"2026-06-13T13:13:05Z","mcp_query_count":1,"mcp_success_count":1,"mcp_failure_count":0,"mcp_tool_usage":"splunk_run_query","tool_name":"splunk_run_query","duration_ms":7275.83,"average_investigation_time":7275.83,"status":"success","sourcetype":"aiops-mcp-metrics"}
{"timestamp":"2026-06-13T13:13:13Z","mcp_query_count":1,"mcp_success_count":1,"mcp_failure_count":0,"mcp_tool_usage":"splunk_run_query","tool_name":"splunk_run_query","duration_ms":7924.83,"average_investigation_time":7924.83,"status":"success","sourcetype":"aiops-mcp-metrics"}
{"timestamp":"2026-06-13T13:17:54Z","mcp_query_count":1,"mcp_success_count":1,"mcp_failure_count":0,"mcp_tool_usage":"splunk_run_query","tool_name":"splunk_run_query","duration_ms":3698.92,"average_investigation_time":3698.92,"status":"success","sourcetype":"aiops-mcp-metrics"}
{"timestamp":"2026-06-13T13:17:56Z","mcp_query_count":1,"mcp_success_count":1,"mcp_failure_count":0,"mcp_tool_usage":"splunk_run_query","tool_name":"splunk_run_query","duration_ms":2711.22,"average_investigation_time":2711.22,"status":"success","sourcetype":"aiops-mcp-metrics"}
{"timestamp":"2026-06-13T13:18:00Z","mcp_query_count":1,"mcp_success_count":1,"mcp_failure_count":0,"mcp_tool_usage":"splunk_run_query","tool_name":"splunk_run_query","duration_ms":3201.37,"average_investigation_time":3201.37,"status":"success","sourcetype":"aiops-mcp-metrics"}
{"timestamp":"2026-06-13T13:18:02Z","mcp_query_count":1,"mcp_success_count":1,"mcp_failure_count":0,"mcp_tool_usage":"splunk_run_query","tool_name":"splunk_run_query","duration_ms":2703.14,"average_investigation_time":2703.14,"status":"success","sourcetype":"aiops-mcp-metrics"}
{"timestamp":"2026-06-13T13:23:02Z","mcp_query_count":1,"mcp_success_count":1,"mcp_failure_count":0,"mcp_tool_usage":"splunk_run_query","tool_name":"splunk_run_query","duration_ms":5831.09,"average_investigation_time":5831.09,"status":"success","sourcetype":"aiops-mcp-metrics"}
{"timestamp":"2026-06-13T13:23:05Z","mcp_query_count":1,"mcp_success_count":1,"mcp_failure_count":0,"mcp_tool_usage":"splunk_run_query","tool_name":"splunk_run_query","duration_ms":3215.84,"average_investigation_time":3215.84,"status":"success","sourcetype":"aiops-mcp-metrics"}
{"timestamp":"2026-06-13T13:23:08Z","mcp_query_count":1,"mcp_success_count":1,"mcp_failure_count":0,"mcp_tool_usage":"splunk_run_query","tool_name":"splunk_run_query","duration_ms":3183.37,"average_investigation_time":3183.37,"status":"success","sourcetype":"aiops-mcp-metrics"}
{"timestamp":"2026-06-13T13:23:11Z","mcp_query_count":1,"mcp_success_count":1,"mcp_failure_count":0,"mcp_tool_usage":"splunk_run_query","tool_name":"splunk_run_query","duration_ms":2656.49,"average_investigation_time":2656.49,"status":"success","sourcetype":"aiops-mcp-metrics"}
{"timestamp":"2026-06-13T13:28:08Z","mcp_query_count":1,"mcp_success_count":1,"mcp_failure_count":0,"mcp_tool_usage":"splunk_run_query","tool_name":"splunk_run_query","duration_ms":6137.62,"average_investigation_time":6137.62,"status":"success","sourcetype":"aiops-mcp-metrics"}
{"timestamp":"2026-06-13T13:28:13Z","mcp_query_count":1,"mcp_success_count":1,"mcp_failure_count":0,"mcp_tool_usage":"splunk_run_query","tool_name":"splunk_run_query","duration_ms":4343.38,"average_investigation_time":4343.38,"status":"success","sourcetype":"aiops-mcp-metrics"}
{"timestamp":"2026-06-13T13:28:17Z","mcp_query_count":1,"mcp_success_count":1,"mcp_failure_count":0,"mcp_tool_usage":"splunk_run_query","tool_name":"splunk_run_query","duration_ms":4725.98,"average_investigation_time":4725.98,"status":"success","sourcetype":"aiops-mcp-metrics"}
{"timestamp":"2026-06-13T13:28:21Z","mcp_query_count":1,"mcp_success_count":1,"mcp_failure_count":0,"mcp_tool_usage":"splunk_run_query","tool_name":"splunk_run_query","duration_ms":3182.14,"average_investigation_time":3182.14,"status":"success","sourcetype":"aiops-mcp-metrics"}
{"timestamp":"2026-06-13T13:33:05Z","mcp_query_count":1,"mcp_success_count":1,"mcp_failure_count":0,"mcp_tool_usage":"splunk_run_query","tool_name":"splunk_run_query","duration_ms":3670.06,"average_investigation_time":3670.06,"status":"success","sourcetype":"aiops-mcp-metrics"}
{"timestamp":"2026-06-13T13:33:07Z","mcp_query_count":1,"mcp_success_count":1,"mcp_failure_count":0,"mcp_tool_usage":"splunk_run_query","tool_name":"splunk_run_query","duration_ms":2143.68,"average_investigation_time":2143.68,"status":"success","sourcetype":"aiops-mcp-metrics"}
{"timestamp":"2026-06-13T13:33:10Z","mcp_query_count":1,"mcp_success_count":1,"mcp_failure_count":0,"mcp_tool_usage":"splunk_run_query","tool_name":"splunk_run_query","duration_ms":2666.94,"average_investigation_time":2666.94,"status":"success","sourcetype":"aiops-mcp-metrics"}
{"timestamp":"2026-06-13T13:33:12Z","mcp_query_count":1,"mcp_success_count":1,"mcp_failure_count":0,"mcp_tool_usage":"splunk_run_query","tool_name":"splunk_run_query","duration_ms":2122.11,"average_investigation_time":2122.11,"status":"success","sourcetype":"aiops-mcp-metrics"}
{"timestamp":"2026-06-13T13:38:12Z","mcp_query_count":1,"mcp_success_count":1,"mcp_failure_count":0,"mcp_tool_usage":"splunk_run_query","tool_name":"splunk_run_query","duration_ms":5202.43,"average_investigation_time":5202.43,"status":"success","sourcetype":"aiops-mcp-metrics"}
{"timestamp":"2026-06-13T13:38:20Z","mcp_query_count":1,"mcp_success_count":0,"mcp_failure_count":1,"mcp_tool_usage":"splunk_run_query","tool_name":"splunk_run_query","duration_ms":8043.27,"average_investigation_time":8043.27,"status":"failure","error":"","sourcetype":"aiops-mcp-metrics"}
{"timestamp":"2026-06-13T13:38:24Z","mcp_query_count":1,"mcp_success_count":1,"mcp_failure_count":0,"mcp_tool_usage":"splunk_run_query","tool_name":"splunk_run_query","duration_ms":3715.08,"average_investigation_time":3715.08,"status":"success","sourcetype":"aiops-mcp-metrics"}
{"timestamp":"2026-06-13T13:43:13Z","mcp_query_count":1,"mcp_success_count":1,"mcp_failure_count":0,"mcp_tool_usage":"splunk_run_query","tool_name":"splunk_run_query","duration_ms":4683.81,"average_investigation_time":4683.81,"status":"success","sourcetype":"aiops-mcp-metrics"}
{"timestamp":"2026-06-13T13:43:16Z","mcp_query_count":1,"mcp_success_count":1,"mcp_failure_count":0,"mcp_tool_usage":"splunk_run_query","tool_name":"splunk_run_query","duration_ms":3174.44,"average_investigation_time":3174.44,"status":"success","sourcetype":"aiops-mcp-metrics"}
{"timestamp":"2026-06-13T13:43:21Z","mcp_query_count":1,"mcp_success_count":1,"mcp_failure_count":0,"mcp_tool_usage":"splunk_run_query","tool_name":"splunk_run_query","duration_ms":4757.87,"average_investigation_time":4757.87,"status":"success","sourcetype":"aiops-mcp-metrics"}
{"timestamp":"2026-06-13T13:43:27Z","mcp_query_count":1,"mcp_success_count":1,"mcp_failure_count":0,"mcp_tool_usage":"splunk_run_query","tool_name":"splunk_run_query","duration_ms":5831.22,"average_investigation_time":5831.22,"status":"success","sourcetype":"aiops-mcp-metrics"}
{"timestamp":"2026-06-13T13:48:18Z","mcp_query_count":1,"mcp_success_count":1,"mcp_failure_count":0,"mcp_tool_usage":"splunk_run_query","tool_name":"splunk_run_query","duration_ms":4304.32,"average_investigation_time":4304.32,"status":"success","sourcetype":"aiops-mcp-metrics"}
{"timestamp":"2026-06-13T13:48:22Z","mcp_query_count":1,"mcp_success_count":1,"mcp_failure_count":0,"mcp_tool_usage":"splunk_run_query","tool_name":"splunk_run_query","duration_ms":3205.92,"average_investigation_time":3205.92,"status":"success","sourcetype":"aiops-mcp-metrics"}
{"timestamp":"2026-06-13T13:48:25Z","mcp_query_count":1,"mcp_success_count":1,"mcp_failure_count":0,"mcp_tool_usage":"splunk_run_query","tool_name":"splunk_run_query","duration_ms":3733.47,"average_investigation_time":3733.47,"status":"success","sourcetype":"aiops-mcp-metrics"}
{"timestamp":"2026-06-13T13:48:28Z","mcp_query_count":1,"mcp_success_count":1,"mcp_failure_count":0,"mcp_tool_usage":"splunk_run_query","tool_name":"splunk_run_query","duration_ms":2645.82,"average_investigation_time":2645.82,"status":"success","sourcetype":"aiops-mcp-metrics"}
{"timestamp":"2026-06-13T13:53:22Z","mcp_query_count":1,"mcp_success_count":1,"mcp_failure_count":0,"mcp_tool_usage":"splunk_run_query","tool_name":"splunk_run_query","duration_ms":3171.8,"average_investigation_time":3171.8,"status":"success","sourcetype":"aiops-mcp-metrics"}
{"timestamp":"2026-06-13T13:53:24Z","mcp_query_count":1,"mcp_success_count":1,"mcp_failure_count":0,"mcp_tool_usage":"splunk_run_query","tool_name":"splunk_run_query","duration_ms":2160.95,"average_investigation_time":2160.95,"status":"success","sourcetype":"aiops-mcp-metrics"}
{"timestamp":"2026-06-13T13:53:28Z","mcp_query_count":1,"mcp_success_count":1,"mcp_failure_count":0,"mcp_tool_usage":"splunk_run_query","tool_name":"splunk_run_query","duration_ms":4244.89,"average_investigation_time":4244.89,"status":"success","sourcetype":"aiops-mcp-metrics"}
{"timestamp":"2026-06-13T13:53:31Z","mcp_query_count":1,"mcp_success_count":1,"mcp_failure_count":0,"mcp_tool_usage":"splunk_run_query","tool_name":"splunk_run_query","duration_ms":2627.62,"average_investigation_time":2627.62,"status":"success","sourcetype":"aiops-mcp-metrics"}
{"timestamp":"2026-06-13T13:58:23Z","mcp_query_count":1,"mcp_success_count":1,"mcp_failure_count":0,"mcp_tool_usage":"splunk_run_query","tool_name":"splunk_run_query","duration_ms":4190.76,"average_investigation_time":4190.76,"status":"success","sourcetype":"aiops-mcp-metrics"}
{"timestamp":"2026-06-13T13:58:27Z","mcp_query_count":1,"mcp_success_count":1,"mcp_failure_count":0,"mcp_tool_usage":"splunk_run_query","tool_name":"splunk_run_query","duration_ms":3785.59,"average_investigation_time":3785.59,"status":"success","sourcetype":"aiops-mcp-metrics"}
{"timestamp":"2026-06-13T13:58:30Z","mcp_query_count":1,"mcp_success_count":1,"mcp_failure_count":0,"mcp_tool_usage":"splunk_run_query","tool_name":"splunk_run_query","duration_ms":2684.58,"average_investigation_time":2684.58,"status":"success","sourcetype":"aiops-mcp-metrics"}
{"timestamp":"2026-06-13T13:58:32Z","mcp_query_count":1,"mcp_success_count":1,"mcp_failure_count":0,"mcp_tool_usage":"splunk_run_query","tool_name":"splunk_run_query","duration_ms":2120.82,"average_investigation_time":2120.82,"status":"success","sourcetype":"aiops-mcp-metrics"}
{"timestamp":"2026-06-13T14:03:28Z","mcp_query_count":1,"mcp_success_count":1,"mcp_failure_count":0,"mcp_tool_usage":"splunk_run_query","tool_name":"splunk_run_query","duration_ms":4179.08,"average_investigation_time":4179.08,"status":"success","sourcetype":"aiops-mcp-metrics"}
{"timestamp":"2026-06-13T14:03:30Z","mcp_query_count":1,"mcp_success_count":1,"mcp_failure_count":0,"mcp_tool_usage":"splunk_run_query","tool_name":"splunk_run_query","duration_ms":2136.55,"average_investigation_time":2136.55,"status":"success","sourcetype":"aiops-mcp-metrics"}
{"timestamp":"2026-06-13T14:03:33Z","mcp_query_count":1,"mcp_success_count":1,"mcp_failure_count":0,"mcp_tool_usage":"splunk_run_query","tool_name":"splunk_run_query","duration_ms":3171.42,"average_investigation_time":3171.42,"status":"success","sourcetype":"aiops-mcp-metrics"}
{"timestamp":"2026-06-13T14:03:38Z","mcp_query_count":1,"mcp_success_count":1,"mcp_failure_count":0,"mcp_tool_usage":"splunk_run_query","tool_name":"splunk_run_query","duration_ms":4265.1,"average_investigation_time":4265.1,"status":"success","sourcetype":"aiops-mcp-metrics"}
{"timestamp":"2026-06-13T14:08:30Z","mcp_query_count":1,"mcp_success_count":1,"mcp_failure_count":0,"mcp_tool_usage":"splunk_run_query","tool_name":"splunk_run_query","duration_ms":4741.53,"average_investigation_time":4741.53,"status":"success","sourcetype":"aiops-mcp-metrics"}
{"timestamp":"2026-06-13T14:08:33Z","mcp_query_count":1,"mcp_success_count":1,"mcp_failure_count":0,"mcp_tool_usage":"splunk_run_query","tool_name":"splunk_run_query","duration_ms":2641.65,"average_investigation_time":2641.65,"status":"success","sourcetype":"aiops-mcp-metrics"}
{"timestamp":"2026-06-13T14:08:36Z","mcp_query_count":1,"mcp_success_count":1,"mcp_failure_count":0,"mcp_tool_usage":"splunk_run_query","tool_name":"splunk_run_query","duration_ms":3752.99,"average_investigation_time":3752.99,"status":"success","sourcetype":"aiops-mcp-metrics"}
{"timestamp":"2026-06-13T14:08:41Z","mcp_query_count":1,"mcp_success_count":1,"mcp_failure_count":0,"mcp_tool_usage":"splunk_run_query","tool_name":"splunk_run_query","duration_ms":4340.32,"average_investigation_time":4340.32,"status":"success","sourcetype":"aiops-mcp-metrics"}
{"timestamp":"2026-06-13T14:11:49Z","mcp_query_count":1,"mcp_success_count":1,"mcp_failure_count":0,"mcp_tool_usage":"splunk_run_query","tool_name":"splunk_run_query","duration_ms":6458.53,"average_investigation_time":6458.53,"status":"success","sourcetype":"aiops-mcp-metrics"}
{"timestamp":"2026-06-13T14:11:53Z","mcp_query_count":1,"mcp_success_count":1,"mcp_failure_count":0,"mcp_tool_usage":"splunk_run_query","tool_name":"splunk_run_query","duration_ms":3460.37,"average_investigation_time":3460.37,"status":"success","sourcetype":"aiops-mcp-metrics"}
{"timestamp":"2026-06-13T14:11:56Z","mcp_query_count":1,"mcp_success_count":1,"mcp_failure_count":0,"mcp_tool_usage":"splunk_run_query","tool_name":"splunk_run_query","duration_ms":3173.55,"average_investigation_time":3173.55,"status":"success","sourcetype":"aiops-mcp-metrics"}
{"timestamp":"2026-06-13T14:13:41Z","mcp_query_count":1,"mcp_success_count":1,"mcp_failure_count":0,"mcp_tool_usage":"splunk_run_query","tool_name":"splunk_run_query","duration_ms":5318.19,"average_investigation_time":5318.19,"status":"success","sourcetype":"aiops-mcp-metrics"}
{"timestamp":"2026-06-13T14:13:43Z","mcp_query_count":1,"mcp_success_count":1,"mcp_failure_count":0,"mcp_tool_usage":"splunk_run_query","tool_name":"splunk_run_query","duration_ms":2139.07,"average_investigation_time":2139.07,"status":"success","sourcetype":"aiops-mcp-metrics"}
{"timestamp":"2026-06-13T14:13:47Z","mcp_query_count":1,"mcp_success_count":1,"mcp_failure_count":0,"mcp_tool_usage":"splunk_run_query","tool_name":"splunk_run_query","duration_ms":3724.37,"average_investigation_time":3724.37,"status":"success","sourcetype":"aiops-mcp-metrics"}
{"timestamp":"2026-06-13T14:13:52Z","mcp_query_count":1,"mcp_success_count":1,"mcp_failure_count":0,"mcp_tool_usage":"splunk_run_query","tool_name":"splunk_run_query","duration_ms":4318.54,"average_investigation_time":4318.54,"status":"success","sourcetype":"aiops-mcp-metrics"}
{"timestamp":"2026-06-13T14:18:46Z","mcp_query_count":1,"mcp_success_count":1,"mcp_failure_count":0,"mcp_tool_usage":"splunk_run_query","tool_name":"splunk_run_query","duration_ms":4690.66,"average_investigation_time":4690.66,"status":"success","sourcetype":"aiops-mcp-metrics"}
{"timestamp":"2026-06-13T14:18:50Z","mcp_query_count":1,"mcp_success_count":1,"mcp_failure_count":0,"mcp_tool_usage":"splunk_run_query","tool_name":"splunk_run_query","duration_ms":4229.24,"average_investigation_time":4229.24,"status":"success","sourcetype":"aiops-mcp-metrics"}
{"timestamp":"2026-06-13T14:18:58Z","mcp_query_count":1,"mcp_success_count":0,"mcp_failure_count":1,"mcp_tool_usage":"splunk_run_query","tool_name":"splunk_run_query","duration_ms":8059.83,"average_investigation_time":8059.83,"status":"failure","error":"","sourcetype":"aiops-mcp-metrics"}
{"timestamp":"2026-06-13T14:19:04Z","mcp_query_count":1,"mcp_success_count":1,"mcp_failure_count":0,"mcp_tool_usage":"splunk_run_query","tool_name":"splunk_run_query","duration_ms":5994.31,"average_investigation_time":5994.31,"status":"success","sourcetype":"aiops-mcp-metrics"}
{"timestamp":"2026-06-13T14:23:49Z","mcp_query_count":1,"mcp_success_count":1,"mcp_failure_count":0,"mcp_tool_usage":"splunk_run_query","tool_name":"splunk_run_query","duration_ms":4223.52,"average_investigation_time":4223.52,"status":"success","sourcetype":"aiops-mcp-metrics"}
{"timestamp":"2026-06-13T14:23:54Z","mcp_query_count":1,"mcp_success_count":1,"mcp_failure_count":0,"mcp_tool_usage":"splunk_run_query","tool_name":"splunk_run_query","duration_ms":4785.23,"average_investigation_time":4785.23,"status":"success","sourcetype":"aiops-mcp-metrics"}
{"timestamp":"2026-06-13T14:23:58Z","mcp_query_count":1,"mcp_success_count":1,"mcp_failure_count":0,"mcp_tool_usage":"splunk_run_query","tool_name":"splunk_run_query","duration_ms":4260.92,"average_investigation_time":4260.92,"status":"success","sourcetype":"aiops-mcp-metrics"}
{"timestamp":"2026-06-13T14:24:02Z","mcp_query_count":1,"mcp_success_count":1,"mcp_failure_count":0,"mcp_tool_usage":"splunk_run_query","tool_name":"splunk_run_query","duration_ms":3149.89,"average_investigation_time":3149.89,"status":"success","sourcetype":"aiops-mcp-metrics"}
{"timestamp":"2026-06-13T14:29:11Z","mcp_query_count":1,"mcp_success_count":0,"mcp_failure_count":1,"mcp_tool_usage":"splunk_run_query","tool_name":"splunk_run_query","duration_ms":8172.38,"average_investigation_time":8172.38,"status":"failure","error":"","sourcetype":"aiops-mcp-metrics"}
{"timestamp":"2026-06-13T14:29:19Z","mcp_query_count":1,"mcp_success_count":0,"mcp_failure_count":1,"mcp_tool_usage":"splunk_run_query","tool_name":"splunk_run_query","duration_ms":8320.39,"average_investigation_time":8320.39,"status":"failure","error":"","sourcetype":"aiops-mcp-metrics"}
{"timestamp":"2026-06-13T14:29:27Z","mcp_query_count":1,"mcp_success_count":0,"mcp_failure_count":1,"mcp_tool_usage":"splunk_run_query","tool_name":"splunk_run_query","duration_ms":8157.11,"average_investigation_time":8157.11,"status":"failure","error":"","sourcetype":"aiops-mcp-metrics"}
{"timestamp":"2026-06-13T14:34:08Z","mcp_query_count":1,"mcp_success_count":1,"mcp_failure_count":0,"mcp_tool_usage":"splunk_run_query","tool_name":"splunk_run_query","duration_ms":5796.66,"average_investigation_time":5796.66,"status":"success","sourcetype":"aiops-mcp-metrics"}
{"timestamp":"2026-06-13T14:34:12Z","mcp_query_count":1,"mcp_success_count":1,"mcp_failure_count":0,"mcp_tool_usage":"splunk_run_query","tool_name":"splunk_run_query","duration_ms":4164.58,"average_investigation_time":4164.58,"status":"success","sourcetype":"aiops-mcp-metrics"}
{"timestamp":"2026-06-13T14:34:16Z","mcp_query_count":1,"mcp_success_count":1,"mcp_failure_count":0,"mcp_tool_usage":"splunk_run_query","tool_name":"splunk_run_query","duration_ms":3693.46,"average_investigation_time":3693.46,"status":"success","sourcetype":"aiops-mcp-metrics"}
{"timestamp":"2026-06-13T14:34:20Z","mcp_query_count":1,"mcp_success_count":1,"mcp_failure_count":0,"mcp_tool_usage":"splunk_run_query","tool_name":"splunk_run_query","duration_ms":4169.8,"average_investigation_time":4169.8,"status":"success","sourcetype":"aiops-mcp-metrics"}
{"timestamp":"2026-06-13T14:39:09Z","mcp_query_count":1,"mcp_success_count":1,"mcp_failure_count":0,"mcp_tool_usage":"splunk_run_query","tool_name":"splunk_run_query","duration_ms":5181.31,"average_investigation_time":5181.31,"status":"success","sourcetype":"aiops-mcp-metrics"}
{"timestamp":"2026-06-13T14:39:11Z","mcp_query_count":1,"mcp_success_count":1,"mcp_failure_count":0,"mcp_tool_usage":"splunk_run_query","tool_name":"splunk_run_query","duration_ms":2655.64,"average_investigation_time":2655.64,"status":"success","sourcetype":"aiops-mcp-metrics"}
{"timestamp":"2026-06-13T14:39:16Z","mcp_query_count":1,"mcp_success_count":1,"mcp_failure_count":0,"mcp_tool_usage":"splunk_run_query","tool_name":"splunk_run_query","duration_ms":4192.37,"average_investigation_time":4192.37,"status":"success","sourcetype":"aiops-mcp-metrics"}
{"timestamp":"2026-06-13T14:39:24Z","mcp_query_count":1,"mcp_success_count":0,"mcp_failure_count":1,"mcp_tool_usage":"splunk_run_query","tool_name":"splunk_run_query","duration_ms":8049.74,"average_investigation_time":8049.74,"status":"failure","error":"","sourcetype":"aiops-mcp-metrics"}
{"timestamp":"2026-06-13T14:48:37Z","mcp_query_count":1,"mcp_success_count":0,"mcp_failure_count":1,"mcp_tool_usage":"splunk_run_query","tool_name":"splunk_run_query","duration_ms":8044.24,"average_investigation_time":8044.24,"status":"failure","error":"","sourcetype":"aiops-mcp-metrics"}
{"timestamp":"2026-06-13T14:48:45Z","mcp_query_count":1,"mcp_success_count":0,"mcp_failure_count":1,"mcp_tool_usage":"splunk_run_query","tool_name":"splunk_run_query","duration_ms":8033.76,"average_investigation_time":8033.76,"status":"failure","error":"","sourcetype":"aiops-mcp-metrics"}
{"timestamp":"2026-06-13T14:48:53Z","mcp_query_count":1,"mcp_success_count":0,"mcp_failure_count":1,"mcp_tool_usage":"splunk_run_query","tool_name":"splunk_run_query","duration_ms":8045.26,"average_investigation_time":8045.26,"status":"failure","error":"","sourcetype":"aiops-mcp-metrics"}
{"timestamp":"2026-06-13T14:53:34Z","mcp_query_count":1,"mcp_success_count":1,"mcp_failure_count":0,"mcp_tool_usage":"splunk_run_query","tool_name":"splunk_run_query","duration_ms":4221.81,"average_investigation_time":4221.81,"status":"success","sourcetype":"aiops-mcp-metrics"}
{"timestamp":"2026-06-13T14:53:39Z","mcp_query_count":1,"mcp_success_count":1,"mcp_failure_count":0,"mcp_tool_usage":"splunk_run_query","tool_name":"splunk_run_query","duration_ms":4245.27,"average_investigation_time":4245.27,"status":"success","sourcetype":"aiops-mcp-metrics"}
{"timestamp":"2026-06-13T14:53:42Z","mcp_query_count":1,"mcp_success_count":1,"mcp_failure_count":0,"mcp_tool_usage":"splunk_run_query","tool_name":"splunk_run_query","duration_ms":3746.71,"average_investigation_time":3746.71,"status":"success","sourcetype":"aiops-mcp-metrics"}
{"timestamp":"2026-06-13T14:53:46Z","mcp_query_count":1,"mcp_success_count":1,"mcp_failure_count":0,"mcp_tool_usage":"splunk_run_query","tool_name":"splunk_run_query","duration_ms":3177.34,"average_investigation_time":3177.34,"status":"success","sourcetype":"aiops-mcp-metrics"}
{"timestamp":"2026-06-13T14:58:40Z","mcp_query_count":1,"mcp_success_count":1,"mcp_failure_count":0,"mcp_tool_usage":"splunk_run_query","tool_name":"splunk_run_query","duration_ms":4728.33,"average_investigation_time":4728.33,"status":"success","sourcetype":"aiops-mcp-metrics"}
{"timestamp":"2026-06-13T14:58:43Z","mcp_query_count":1,"mcp_success_count":1,"mcp_failure_count":0,"mcp_tool_usage":"splunk_run_query","tool_name":"splunk_run_query","duration_ms":2670.59,"average_investigation_time":2670.59,"status":"success","sourcetype":"aiops-mcp-metrics"}
{"timestamp":"2026-06-13T14:58:46Z","mcp_query_count":1,"mcp_success_count":1,"mcp_failure_count":0,"mcp_tool_usage":"splunk_run_query","tool_name":"splunk_run_query","duration_ms":3200.39,"average_investigation_time":3200.39,"status":"success","sourcetype":"aiops-mcp-metrics"}
{"timestamp":"2026-06-13T14:58:49Z","mcp_query_count":1,"mcp_success_count":1,"mcp_failure_count":0,"mcp_tool_usage":"splunk_run_query","tool_name":"splunk_run_query","duration_ms":2625.08,"average_investigation_time":2625.08,"status":"success","sourcetype":"aiops-mcp-metrics"}
{"timestamp":"2026-06-13T15:03:45Z","mcp_query_count":1,"mcp_success_count":1,"mcp_failure_count":0,"mcp_tool_usage":"splunk_run_query","tool_name":"splunk_run_query","duration_ms":4233.27,"average_investigation_time":4233.27,"status":"success","sourcetype":"aiops-mcp-metrics"}
{"timestamp":"2026-06-13T15:03:48Z","mcp_query_count":1,"mcp_success_count":1,"mcp_failure_count":0,"mcp_tool_usage":"splunk_run_query","tool_name":"splunk_run_query","duration_ms":2667.98,"average_investigation_time":2667.98,"status":"success","sourcetype":"aiops-mcp-metrics"}
{"timestamp":"2026-06-13T15:03:51Z","mcp_query_count":1,"mcp_success_count":1,"mcp_failure_count":0,"mcp_tool_usage":"splunk_run_query","tool_name":"splunk_run_query","duration_ms":3194.13,"average_investigation_time":3194.13,"status":"success","sourcetype":"aiops-mcp-metrics"}
{"timestamp":"2026-06-13T15:03:54Z","mcp_query_count":1,"mcp_success_count":1,"mcp_failure_count":0,"mcp_tool_usage":"splunk_run_query","tool_name":"splunk_run_query","duration_ms":3181.43,"average_investigation_time":3181.43,"status":"success","sourcetype":"aiops-mcp-metrics"}
{"timestamp":"2026-06-13T15:08:50Z","mcp_query_count":1,"mcp_success_count":1,"mcp_failure_count":0,"mcp_tool_usage":"splunk_run_query","tool_name":"splunk_run_query","duration_ms":3709.71,"average_investigation_time":3709.71,"status":"success","sourcetype":"aiops-mcp-metrics"}
{"timestamp":"2026-06-13T15:08:52Z","mcp_query_count":1,"mcp_success_count":1,"mcp_failure_count":0,"mcp_tool_usage":"splunk_run_query","tool_name":"splunk_run_query","duration_ms":2673.11,"average_investigation_time":2673.11,"status":"success","sourcetype":"aiops-mcp-metrics"}
{"timestamp":"2026-06-13T15:08:56Z","mcp_query_count":1,"mcp_success_count":1,"mcp_failure_count":0,"mcp_tool_usage":"splunk_run_query","tool_name":"splunk_run_query","duration_ms":3734.7,"average_investigation_time":3734.7,"status":"success","sourcetype":"aiops-mcp-metrics"}
{"timestamp":"2026-06-13T15:08:59Z","mcp_query_count":1,"mcp_success_count":1,"mcp_failure_count":0,"mcp_tool_usage":"splunk_run_query","tool_name":"splunk_run_query","duration_ms":3153.44,"average_investigation_time":3153.44,"status":"success","sourcetype":"aiops-mcp-metrics"}
{"timestamp":"2026-06-13T15:13:59Z","mcp_query_count":1,"mcp_success_count":0,"mcp_failure_count":1,"mcp_tool_usage":"splunk_run_query","tool_name":"splunk_run_query","duration_ms":8042.63,"average_investigation_time":8042.63,"status":"failure","error":"","sourcetype":"aiops-mcp-metrics"}
{"timestamp":"2026-06-13T15:14:04Z","mcp_query_count":1,"mcp_success_count":1,"mcp_failure_count":0,"mcp_tool_usage":"splunk_run_query","tool_name":"splunk_run_query","duration_ms":5338.3,"average_investigation_time":5338.3,"status":"success","sourcetype":"aiops-mcp-metrics"}
{"timestamp":"2026-06-13T15:14:08Z","mcp_query_count":1,"mcp_success_count":1,"mcp_failure_count":0,"mcp_tool_usage":"splunk_run_query","tool_name":"splunk_run_query","duration_ms":3711.15,"average_investigation_time":3711.15,"status":"success","sourcetype":"aiops-mcp-metrics"}
{"timestamp":"2026-06-13T15:14:12Z","mcp_query_count":1,"mcp_success_count":1,"mcp_failure_count":0,"mcp_tool_usage":"splunk_run_query","tool_name":"splunk_run_query","duration_ms":3717.11,"average_investigation_time":3717.11,"status":"success","sourcetype":"aiops-mcp-metrics"}
{"timestamp":"2026-06-13T15:19:04Z","mcp_query_count":1,"mcp_success_count":1,"mcp_failure_count":0,"mcp_tool_usage":"splunk_run_query","tool_name":"splunk_run_query","duration_ms":6599.73,"average_investigation_time":6599.73,"status":"success","sourcetype":"aiops-mcp-metrics"}
{"timestamp":"2026-06-13T15:19:07Z","mcp_query_count":1,"mcp_success_count":1,"mcp_failure_count":0,"mcp_tool_usage":"splunk_run_query","tool_name":"splunk_run_query","duration_ms":3188.11,"average_investigation_time":3188.11,"status":"success","sourcetype":"aiops-mcp-metrics"}
{"timestamp":"2026-06-13T15:19:11Z","mcp_query_count":1,"mcp_success_count":1,"mcp_failure_count":0,"mcp_tool_usage":"splunk_run_query","tool_name":"splunk_run_query","duration_ms":4350.16,"average_investigation_time":4350.16,"status":"success","sourcetype":"aiops-mcp-metrics"}
{"timestamp":"2026-06-13T15:19:16Z","mcp_query_count":1,"mcp_success_count":1,"mcp_failure_count":0,"mcp_tool_usage":"splunk_run_query","tool_name":"splunk_run_query","duration_ms":4481.62,"average_investigation_time":4481.62,"status":"success","sourcetype":"aiops-mcp-metrics"}
{"timestamp":"2026-06-13T15:24:05Z","mcp_query_count":1,"mcp_success_count":1,"mcp_failure_count":0,"mcp_tool_usage":"splunk_run_query","tool_name":"splunk_run_query","duration_ms":6936.97,"average_investigation_time":6936.97,"status":"success","sourcetype":"aiops-mcp-metrics"}
{"timestamp":"2026-06-13T15:24:08Z","mcp_query_count":1,"mcp_success_count":1,"mcp_failure_count":0,"mcp_tool_usage":"splunk_run_query","tool_name":"splunk_run_query","duration_ms":3793.58,"average_investigation_time":3793.58,"status":"success","sourcetype":"aiops-mcp-metrics"}
{"timestamp":"2026-06-13T15:24:12Z","mcp_query_count":1,"mcp_success_count":1,"mcp_failure_count":0,"mcp_tool_usage":"splunk_run_query","tool_name":"splunk_run_query","duration_ms":3722.62,"average_investigation_time":3722.62,"status":"success","sourcetype":"aiops-mcp-metrics"}
{"timestamp":"2026-06-13T15:24:15Z","mcp_query_count":1,"mcp_success_count":1,"mcp_failure_count":0,"mcp_tool_usage":"splunk_run_query","tool_name":"splunk_run_query","duration_ms":3179.44,"average_investigation_time":3179.44,"status":"success","sourcetype":"aiops-mcp-metrics"}
{"timestamp":"2026-06-13T15:29:09Z","mcp_query_count":1,"mcp_success_count":1,"mcp_failure_count":0,"mcp_tool_usage":"splunk_run_query","tool_name":"splunk_run_query","duration_ms":7066.55,"average_investigation_time":7066.55,"status":"success","sourcetype":"aiops-mcp-metrics"}
{"timestamp":"2026-06-13T15:29:13Z","mcp_query_count":1,"mcp_success_count":1,"mcp_failure_count":0,"mcp_tool_usage":"splunk_run_query","tool_name":"splunk_run_query","duration_ms":3183.64,"average_investigation_time":3183.64,"status":"success","sourcetype":"aiops-mcp-metrics"}
{"timestamp":"2026-06-13T15:29:17Z","mcp_query_count":1,"mcp_success_count":1,"mcp_failure_count":0,"mcp_tool_usage":"splunk_run_query","tool_name":"splunk_run_query","duration_ms":4192.92,"average_investigation_time":4192.92,"status":"success","sourcetype":"aiops-mcp-metrics"}
{"timestamp":"2026-06-13T15:29:21Z","mcp_query_count":1,"mcp_success_count":1,"mcp_failure_count":0,"mcp_tool_usage":"splunk_run_query","tool_name":"splunk_run_query","duration_ms":4266.6,"average_investigation_time":4266.6,"status":"success","sourcetype":"aiops-mcp-metrics"}
{"timestamp":"2026-06-13T15:34:12Z","mcp_query_count":1,"mcp_success_count":1,"mcp_failure_count":0,"mcp_tool_usage":"splunk_run_query","tool_name":"splunk_run_query","duration_ms":4190.53,"average_investigation_time":4190.53,"status":"success","sourcetype":"aiops-mcp-metrics"}
{"timestamp":"2026-06-13T15:34:15Z","mcp_query_count":1,"mcp_success_count":1,"mcp_failure_count":0,"mcp_tool_usage":"splunk_run_query","tool_name":"splunk_run_query","duration_ms":2654.92,"average_investigation_time":2654.92,"status":"success","sourcetype":"aiops-mcp-metrics"}
{"timestamp":"2026-06-13T15:34:17Z","mcp_query_count":1,"mcp_success_count":1,"mcp_failure_count":0,"mcp_tool_usage":"splunk_run_query","tool_name":"splunk_run_query","duration_ms":2637.59,"average_investigation_time":2637.59,"status":"success","sourcetype":"aiops-mcp-metrics"}
{"timestamp":"2026-06-13T15:34:20Z","mcp_query_count":1,"mcp_success_count":1,"mcp_failure_count":0,"mcp_tool_usage":"splunk_run_query","tool_name":"splunk_run_query","duration_ms":2645.43,"average_investigation_time":2645.43,"status":"success","sourcetype":"aiops-mcp-metrics"}
{"timestamp":"2026-06-13T15:39:12Z","mcp_query_count":1,"mcp_success_count":1,"mcp_failure_count":0,"mcp_tool_usage":"splunk_run_query","tool_name":"splunk_run_query","duration_ms":4167.24,"average_investigation_time":4167.24,"status":"success","sourcetype":"aiops-mcp-metrics"}
{"timestamp":"2026-06-13T15:39:16Z","mcp_query_count":1,"mcp_success_count":1,"mcp_failure_count":0,"mcp_tool_usage":"splunk_run_query","tool_name":"splunk_run_query","duration_ms":4322.19,"average_investigation_time":4322.19,"status":"success","sourcetype":"aiops-mcp-metrics"}
{"timestamp":"2026-06-13T15:39:20Z","mcp_query_count":1,"mcp_success_count":1,"mcp_failure_count":0,"mcp_tool_usage":"splunk_run_query","tool_name":"splunk_run_query","duration_ms":3680.56,"average_investigation_time":3680.56,"status":"success","sourcetype":"aiops-mcp-metrics"}
{"timestamp":"2026-06-13T15:39:22Z","mcp_query_count":1,"mcp_success_count":1,"mcp_failure_count":0,"mcp_tool_usage":"splunk_run_query","tool_name":"splunk_run_query","duration_ms":2141.87,"average_investigation_time":2141.87,"status":"success","sourcetype":"aiops-mcp-metrics"}
{"timestamp":"2026-06-13T15:44:18Z","mcp_query_count":1,"mcp_success_count":1,"mcp_failure_count":0,"mcp_tool_usage":"splunk_run_query","tool_name":"splunk_run_query","duration_ms":4187.43,"average_investigation_time":4187.43,"status":"success","sourcetype":"aiops-mcp-metrics"}
{"timestamp":"2026-06-13T15:44:20Z","mcp_query_count":1,"mcp_success_count":1,"mcp_failure_count":0,"mcp_tool_usage":"splunk_run_query","tool_name":"splunk_run_query","duration_ms":2131.11,"average_investigation_time":2131.11,"status":"success","sourcetype":"aiops-mcp-metrics"}
{"timestamp":"2026-06-13T15:44:23Z","mcp_query_count":1,"mcp_success_count":1,"mcp_failure_count":0,"mcp_tool_usage":"splunk_run_query","tool_name":"splunk_run_query","duration_ms":2678.02,"average_investigation_time":2678.02,"status":"success","sourcetype":"aiops-mcp-metrics"}
{"timestamp":"2026-06-13T15:44:25Z","mcp_query_count":1,"mcp_success_count":1,"mcp_failure_count":0,"mcp_tool_usage":"splunk_run_query","tool_name":"splunk_run_query","duration_ms":2635.42,"average_investigation_time":2635.42,"status":"success","sourcetype":"aiops-mcp-metrics"}
{"timestamp":"2026-06-13T15:49:20Z","mcp_query_count":1,"mcp_success_count":1,"mcp_failure_count":0,"mcp_tool_usage":"splunk_run_query","tool_name":"splunk_run_query","duration_ms":4739.06,"average_investigation_time":4739.06,"status":"success","sourcetype":"aiops-mcp-metrics"}
{"timestamp":"2026-06-13T15:49:22Z","mcp_query_count":1,"mcp_success_count":1,"mcp_failure_count":0,"mcp_tool_usage":"splunk_run_query","tool_name":"splunk_run_query","duration_ms":2811.9,"average_investigation_time":2811.9,"status":"success","sourcetype":"aiops-mcp-metrics"}
{"timestamp":"2026-06-13T15:49:25Z","mcp_query_count":1,"mcp_success_count":1,"mcp_failure_count":0,"mcp_tool_usage":"splunk_run_query","tool_name":"splunk_run_query","duration_ms":2657.83,"average_investigation_time":2657.83,"status":"success","sourcetype":"aiops-mcp-metrics"}
{"timestamp":"2026-06-13T15:49:28Z","mcp_query_count":1,"mcp_success_count":1,"mcp_failure_count":0,"mcp_tool_usage":"splunk_run_query","tool_name":"splunk_run_query","duration_ms":2643.24,"average_investigation_time":2643.24,"status":"success","sourcetype":"aiops-mcp-metrics"}
{"timestamp":"2026-06-13T15:54:21Z","mcp_query_count":1,"mcp_success_count":1,"mcp_failure_count":0,"mcp_tool_usage":"splunk_run_query","tool_name":"splunk_run_query","duration_ms":5789.74,"average_investigation_time":5789.74,"status":"success","sourcetype":"aiops-mcp-metrics"}
{"timestamp":"2026-06-13T15:54:24Z","mcp_query_count":1,"mcp_success_count":1,"mcp_failure_count":0,"mcp_tool_usage":"splunk_run_query","tool_name":"splunk_run_query","duration_ms":3168.81,"average_investigation_time":3168.81,"status":"success","sourcetype":"aiops-mcp-metrics"}
{"timestamp":"2026-06-13T15:54:28Z","mcp_query_count":1,"mcp_success_count":1,"mcp_failure_count":0,"mcp_tool_usage":"splunk_run_query","tool_name":"splunk_run_query","duration_ms":3699.98,"average_investigation_time":3699.98,"status":"success","sourcetype":"aiops-mcp-metrics"}
{"timestamp":"2026-06-13T15:54:31Z","mcp_query_count":1,"mcp_success_count":1,"mcp_failure_count":0,"mcp_tool_usage":"splunk_run_query","tool_name":"splunk_run_query","duration_ms":3177.99,"average_investigation_time":3177.99,"status":"success","sourcetype":"aiops-mcp-metrics"}
{"timestamp":"2026-06-13T15:59:27Z","mcp_query_count":1,"mcp_success_count":1,"mcp_failure_count":0,"mcp_tool_usage":"splunk_run_query","tool_name":"splunk_run_query","duration_ms":6431.53,"average_investigation_time":6431.53,"status":"success","sourcetype":"aiops-mcp-metrics"}
{"timestamp":"2026-06-13T15:59:30Z","mcp_query_count":1,"mcp_success_count":1,"mcp_failure_count":0,"mcp_tool_usage":"splunk_run_query","tool_name":"splunk_run_query","duration_ms":2696.15,"average_investigation_time":2696.15,"status":"success","sourcetype":"aiops-mcp-metrics"}
{"timestamp":"2026-06-13T15:59:34Z","mcp_query_count":1,"mcp_success_count":1,"mcp_failure_count":0,"mcp_tool_usage":"splunk_run_query","tool_name":"splunk_run_query","duration_ms":3669.3,"average_investigation_time":3669.3,"status":"success","sourcetype":"aiops-mcp-metrics"}
{"timestamp":"2026-06-13T15:59:37Z","mcp_query_count":1,"mcp_success_count":1,"mcp_failure_count":0,"mcp_tool_usage":"splunk_run_query","tool_name":"splunk_run_query","duration_ms":3187.5,"average_investigation_time":3187.5,"status":"success","sourcetype":"aiops-mcp-metrics"}
{"timestamp":"2026-06-13T16:04:29Z","mcp_query_count":1,"mcp_success_count":1,"mcp_failure_count":0,"mcp_tool_usage":"splunk_run_query","tool_name":"splunk_run_query","duration_ms":3542.92,"average_investigation_time":3542.92,"status":"success","sourcetype":"aiops-mcp-metrics"}
{"timestamp":"2026-06-13T16:04:32Z","mcp_query_count":1,"mcp_success_count":1,"mcp_failure_count":0,"mcp_tool_usage":"splunk_run_query","tool_name":"splunk_run_query","duration_ms":2137.25,"average_investigation_time":2137.25,"status":"success","sourcetype":"aiops-mcp-metrics"}
{"timestamp":"2026-06-13T16:04:35Z","mcp_query_count":1,"mcp_success_count":1,"mcp_failure_count":0,"mcp_tool_usage":"splunk_run_query","tool_name":"splunk_run_query","duration_ms":3672.36,"average_investigation_time":3672.36,"status":"success","sourcetype":"aiops-mcp-metrics"}
{"timestamp":"2026-06-13T16:04:38Z","mcp_query_count":1,"mcp_success_count":1,"mcp_failure_count":0,"mcp_tool_usage":"splunk_run_query","tool_name":"splunk_run_query","duration_ms":2630.45,"average_investigation_time":2630.45,"status":"success","sourcetype":"aiops-mcp-metrics"}
{"timestamp":"2026-06-13T16:05:58Z","mcp_query_count":1,"mcp_success_count":0,"mcp_failure_count":1,"mcp_tool_usage":"splunk_get_info","tool_name":"splunk_get_info","duration_ms":773.73,"average_investigation_time":773.73,"status":"failure","error":"","sourcetype":"aiops-mcp-metrics"}
{"timestamp":"2026-06-13T16:06:01Z","mcp_query_count":1,"mcp_success_count":1,"mcp_failure_count":0,"mcp_tool_usage":"splunk_run_query","tool_name":"splunk_run_query","duration_ms":4030.05,"average_investigation_time":4030.05,"status":"success","sourcetype":"aiops-mcp-metrics"}
{"timestamp":"2026-06-13T16:06:04Z","mcp_query_count":1,"mcp_success_count":1,"mcp_failure_count":0,"mcp_tool_usage":"splunk_run_query","tool_name":"splunk_run_query","duration_ms":2648.51,"average_investigation_time":2648.51,"status":"success","sourcetype":"aiops-mcp-metrics"}
{"timestamp":"2026-06-13T16:06:07Z","mcp_query_count":1,"mcp_success_count":1,"mcp_failure_count":0,"mcp_tool_usage":"splunk_run_query","tool_name":"splunk_run_query","duration_ms":2674.48,"average_investigation_time":2674.48,"status":"success","sourcetype":"aiops-mcp-metrics"}
{"timestamp":"2026-06-13T16:06:09Z","mcp_query_count":1,"mcp_success_count":1,"mcp_failure_count":0,"mcp_tool_usage":"splunk_run_query","tool_name":"splunk_run_query","duration_ms":2634.85,"average_investigation_time":2634.85,"status":"success","sourcetype":"aiops-mcp-metrics"}
{"timestamp":"2026-06-13T16:07:09Z","mcp_query_count":1,"mcp_success_count":1,"mcp_failure_count":0,"mcp_tool_usage":"splunk_run_query","tool_name":"splunk_run_query","duration_ms":3898.33,"average_investigation_time":3898.33,"status":"success","sourcetype":"aiops-mcp-metrics"}
{"timestamp":"2026-06-13T16:07:11Z","mcp_query_count":1,"mcp_success_count":1,"mcp_failure_count":0,"mcp_tool_usage":"splunk_run_query","tool_name":"splunk_run_query","duration_ms":2705.87,"average_investigation_time":2705.87,"status":"success","sourcetype":"aiops-mcp-metrics"}
{"timestamp":"2026-06-13T16:07:15Z","mcp_query_count":1,"mcp_success_count":1,"mcp_failure_count":0,"mcp_tool_usage":"splunk_run_query","tool_name":"splunk_run_query","duration_ms":3704.41,"average_investigation_time":3704.41,"status":"success","sourcetype":"aiops-mcp-metrics"}
{"timestamp":"2026-06-13T16:08:27Z","mcp_query_count":1,"mcp_success_count":1,"mcp_failure_count":0,"mcp_tool_usage":"splunk_run_query","tool_name":"splunk_run_query","duration_ms":3517.06,"average_investigation_time":3517.06,"status":"success","sourcetype":"aiops-mcp-metrics"}
{"timestamp":"2026-06-13T16:08:30Z","mcp_query_count":1,"mcp_success_count":1,"mcp_failure_count":0,"mcp_tool_usage":"splunk_run_query","tool_name":"splunk_run_query","duration_ms":3172.91,"average_investigation_time":3172.91,"status":"success","sourcetype":"aiops-mcp-metrics"}
{"timestamp":"2026-06-13T16:08:33Z","mcp_query_count":1,"mcp_success_count":1,"mcp_failure_count":0,"mcp_tool_usage":"splunk_run_query","tool_name":"splunk_run_query","duration_ms":3156.43,"average_investigation_time":3156.43,"status":"success","sourcetype":"aiops-mcp-metrics"}
{"timestamp":"2026-06-13T16:08:55Z","mcp_query_count":1,"mcp_success_count":1,"mcp_failure_count":0,"mcp_tool_usage":"splunk_run_query","tool_name":"splunk_run_query","duration_ms":3482.79,"average_investigation_time":3482.79,"status":"success","sourcetype":"aiops-mcp-metrics"}
{"timestamp":"2026-06-13T16:08:58Z","mcp_query_count":1,"mcp_success_count":1,"mcp_failure_count":0,"mcp_tool_usage":"splunk_run_query","tool_name":"splunk_run_query","duration_ms":3185.01,"average_investigation_time":3185.01,"status":"success","sourcetype":"aiops-mcp-metrics"}
{"timestamp":"2026-06-13T16:09:01Z","mcp_query_count":1,"mcp_success_count":1,"mcp_failure_count":0,"mcp_tool_usage":"splunk_run_query","tool_name":"splunk_run_query","duration_ms":3192.37,"average_investigation_time":3192.37,"status":"success","sourcetype":"aiops-mcp-metrics"}
{"timestamp":"2026-06-13T16:09:04Z","mcp_query_count":1,"mcp_success_count":1,"mcp_failure_count":0,"mcp_tool_usage":"splunk_run_query","tool_name":"splunk_run_query","duration_ms":2627.29,"average_investigation_time":2627.29,"status":"success","sourcetype":"aiops-mcp-metrics"}
{"timestamp":"2026-06-13T16:09:35Z","mcp_query_count":1,"mcp_success_count":1,"mcp_failure_count":0,"mcp_tool_usage":"splunk_run_query","tool_name":"splunk_run_query","duration_ms":3603.77,"average_investigation_time":3603.77,"status":"success","sourcetype":"aiops-mcp-metrics"}
{"timestamp":"2026-06-13T16:09:41Z","mcp_query_count":1,"mcp_success_count":1,"mcp_failure_count":0,"mcp_tool_usage":"splunk_run_query","tool_name":"splunk_run_query","duration_ms":6082.3,"average_investigation_time":6082.3,"status":"success","sourcetype":"aiops-mcp-metrics"}
{"timestamp":"2026-06-13T16:09:46Z","mcp_query_count":1,"mcp_success_count":1,"mcp_failure_count":0,"mcp_tool_usage":"splunk_run_query","tool_name":"splunk_run_query","duration_ms":4938.85,"average_investigation_time":4938.85,"status":"success","sourcetype":"aiops-mcp-metrics"}
{"timestamp":"2026-06-13T16:09:54Z","mcp_query_count":1,"mcp_success_count":1,"mcp_failure_count":0,"mcp_tool_usage":"splunk_run_query","tool_name":"splunk_run_query","duration_ms":7247.71,"average_investigation_time":7247.71,"status":"success","sourcetype":"aiops-mcp-metrics"}
{"timestamp":"2026-06-13T16:12:07Z","mcp_query_count":1,"mcp_success_count":0,"mcp_failure_count":1,"mcp_tool_usage":"splunk_get_info","tool_name":"splunk_get_info","duration_ms":1894.85,"average_investigation_time":1894.85,"status":"failure","error":"","sourcetype":"aiops-mcp-metrics"}
{"timestamp":"2026-06-13T16:14:29Z","mcp_query_count":1,"mcp_success_count":0,"mcp_failure_count":1,"mcp_tool_usage":"splunk_get_info","tool_name":"splunk_get_info","duration_ms":966.65,"average_investigation_time":966.65,"status":"failure","error":"","sourcetype":"aiops-mcp-metrics"}
{"timestamp":"2026-06-13T16:14:39Z","mcp_query_count":1,"mcp_success_count":1,"mcp_failure_count":0,"mcp_tool_usage":"splunk_run_query","tool_name":"splunk_run_query","duration_ms":6018.69,"average_investigation_time":6018.69,"status":"success","sourcetype":"aiops-mcp-metrics"}
{"timestamp":"2026-06-13T16:14:44Z","mcp_query_count":1,"mcp_success_count":1,"mcp_failure_count":0,"mcp_tool_usage":"splunk_run_query","tool_name":"splunk_run_query","duration_ms":5731.42,"average_investigation_time":5731.42,"status":"success","sourcetype":"aiops-mcp-metrics"}
{"timestamp":"2026-06-13T16:14:50Z","mcp_query_count":1,"mcp_success_count":1,"mcp_failure_count":0,"mcp_tool_usage":"splunk_run_query","tool_name":"splunk_run_query","duration_ms":5184.2,"average_investigation_time":5184.2,"status":"success","sourcetype":"aiops-mcp-metrics"}
{"timestamp":"2026-06-13T16:14:54Z","mcp_query_count":1,"mcp_success_count":1,"mcp_failure_count":0,"mcp_tool_usage":"splunk_run_query","tool_name":"splunk_run_query","duration_ms":4239.91,"average_investigation_time":4239.91,"status":"success","sourcetype":"aiops-mcp-metrics"}
{"timestamp":"2026-06-13T16:19:33Z","mcp_query_count":1,"mcp_success_count":0,"mcp_failure_count":1,"mcp_tool_usage":"splunk_get_info","tool_name":"splunk_get_info","duration_ms":900.84,"average_investigation_time":900.84,"status":"failure","error":"","sourcetype":"aiops-mcp-metrics"}
{"timestamp":"2026-06-13T16:20:05Z","mcp_query_count":1,"mcp_success_count":1,"mcp_failure_count":0,"mcp_tool_usage":"splunk_run_query","tool_name":"splunk_run_query","duration_ms":2560.67,"average_investigation_time":2560.67,"status":"success","sourcetype":"aiops-mcp-metrics"}
{"timestamp":"2026-06-13T16:20:08Z","mcp_query_count":1,"mcp_success_count":1,"mcp_failure_count":0,"mcp_tool_usage":"splunk_run_query","tool_name":"splunk_run_query","duration_ms":3174.44,"average_investigation_time":3174.44,"status":"success","sourcetype":"aiops-mcp-metrics"}
{"timestamp":"2026-06-13T16:20:12Z","mcp_query_count":1,"mcp_success_count":1,"mcp_failure_count":0,"mcp_tool_usage":"splunk_run_query","tool_name":"splunk_run_query","duration_ms":4189.49,"average_investigation_time":4189.49,"status":"success","sourcetype":"aiops-mcp-metrics"}
{"timestamp":"2026-06-13T16:20:15Z","mcp_query_count":1,"mcp_success_count":1,"mcp_failure_count":0,"mcp_tool_usage":"splunk_run_query","tool_name":"splunk_run_query","duration_ms":3151.88,"average_investigation_time":3151.88,"status":"success","sourcetype":"aiops-mcp-metrics"}
{"timestamp":"2026-06-13T16:59:46Z","mcp_query_count":1,"mcp_success_count":0,"mcp_failure_count":1,"mcp_tool_usage":"splunk_get_info","tool_name":"splunk_get_info","duration_ms":1585.6,"average_investigation_time":1585.6,"status":"failure","error":"","sourcetype":"aiops-mcp-metrics"}
{"timestamp":"2026-06-13T17:05:07Z","mcp_query_count":1,"mcp_success_count":1,"mcp_failure_count":0,"mcp_tool_usage":"splunk_run_query","tool_name":"splunk_run_query","duration_ms":3712.61,"average_investigation_time":3712.61,"status":"success","sourcetype":"aiops-mcp-metrics"}
{"timestamp":"2026-06-13T17:05:09Z","mcp_query_count":1,"mcp_success_count":1,"mcp_failure_count":0,"mcp_tool_usage":"splunk_run_query","tool_name":"splunk_run_query","duration_ms":2144.06,"average_investigation_time":2144.06,"status":"success","sourcetype":"aiops-mcp-metrics"}
{"timestamp":"2026-06-13T17:05:13Z","mcp_query_count":1,"mcp_success_count":1,"mcp_failure_count":0,"mcp_tool_usage":"splunk_run_query","tool_name":"splunk_run_query","duration_ms":3770.29,"average_investigation_time":3770.29,"status":"success","sourcetype":"aiops-mcp-metrics"}
{"timestamp":"2026-06-13T17:05:16Z","mcp_query_count":1,"mcp_success_count":1,"mcp_failure_count":0,"mcp_tool_usage":"splunk_run_query","tool_name":"splunk_run_query","duration_ms":2738.87,"average_investigation_time":2738.87,"status":"success","sourcetype":"aiops-mcp-metrics"}
{"timestamp":"2026-06-13T17:15:25Z","mcp_query_count":1,"mcp_success_count":1,"mcp_failure_count":0,"mcp_tool_usage":"splunk_run_query","tool_name":"splunk_run_query","duration_ms":6552.76,"average_investigation_time":6552.76,"status":"success","sourcetype":"aiops-mcp-metrics"}
{"timestamp":"2026-06-13T17:15:28Z","mcp_query_count":1,"mcp_success_count":1,"mcp_failure_count":0,"mcp_tool_usage":"splunk_run_query","tool_name":"splunk_run_query","duration_ms":2662.64,"average_investigation_time":2662.64,"status":"success","sourcetype":"aiops-mcp-metrics"}
{"timestamp":"2026-06-13T17:15:32Z","mcp_query_count":1,"mcp_success_count":1,"mcp_failure_count":0,"mcp_tool_usage":"splunk_run_query","tool_name":"splunk_run_query","duration_ms":3790.48,"average_investigation_time":3790.48,"status":"success","sourcetype":"aiops-mcp-metrics"}
{"timestamp":"2026-06-13T17:15:35Z","mcp_query_count":1,"mcp_success_count":1,"mcp_failure_count":0,"mcp_tool_usage":"splunk_run_query","tool_name":"splunk_run_query","duration_ms":3712.07,"average_investigation_time":3712.07,"status":"success","sourcetype":"aiops-mcp-metrics"}
{"timestamp":"2026-06-13T17:28:45Z","mcp_query_count":1,"mcp_success_count":1,"mcp_failure_count":0,"mcp_tool_usage":"splunk_run_query","tool_name":"splunk_run_query","duration_ms":4737.73,"average_investigation_time":4737.73,"status":"success","sourcetype":"aiops-mcp-metrics"}
{"timestamp":"2026-06-13T17:28:47Z","mcp_query_count":1,"mcp_success_count":1,"mcp_failure_count":0,"mcp_tool_usage":"splunk_run_query","tool_name":"splunk_run_query","duration_ms":2667.49,"average_investigation_time":2667.49,"status":"success","sourcetype":"aiops-mcp-metrics"}
{"timestamp":"2026-06-13T17:28:51Z","mcp_query_count":1,"mcp_success_count":1,"mcp_failure_count":0,"mcp_tool_usage":"splunk_run_query","tool_name":"splunk_run_query","duration_ms":3748.95,"average_investigation_time":3748.95,"status":"success","sourcetype":"aiops-mcp-metrics"}
{"timestamp":"2026-06-13T17:28:56Z","mcp_query_count":1,"mcp_success_count":1,"mcp_failure_count":0,"mcp_tool_usage":"splunk_run_query","tool_name":"splunk_run_query","duration_ms":4907.92,"average_investigation_time":4907.92,"status":"success","sourcetype":"aiops-mcp-metrics"}
{"timestamp":"2026-06-13T17:40:00Z","mcp_query_count":1,"mcp_success_count":0,"mcp_failure_count":1,"mcp_tool_usage":"splunk_run_query","tool_name":"splunk_run_query","duration_ms":8066.39,"average_investigation_time":8066.39,"status":"failure","error":"","sourcetype":"aiops-mcp-metrics"}
{"timestamp":"2026-06-13T17:40:08Z","mcp_query_count":1,"mcp_success_count":0,"mcp_failure_count":1,"mcp_tool_usage":"splunk_run_query","tool_name":"splunk_run_query","duration_ms":8069.26,"average_investigation_time":8069.26,"status":"failure","error":"","sourcetype":"aiops-mcp-metrics"}
{"timestamp":"2026-06-13T17:40:13Z","mcp_query_count":1,"mcp_success_count":1,"mcp_failure_count":0,"mcp_tool_usage":"splunk_run_query","tool_name":"splunk_run_query","duration_ms":5495.25,"average_investigation_time":5495.25,"status":"success","sourcetype":"aiops-mcp-metrics"}
{"timestamp":"2026-06-13T17:50:01Z","mcp_query_count":1,"mcp_success_count":0,"mcp_failure_count":1,"mcp_tool_usage":"splunk_run_query","tool_name":"splunk_run_query","duration_ms":8198.78,"average_investigation_time":8198.78,"status":"failure","error":"","sourcetype":"aiops-mcp-metrics"}
{"timestamp":"2026-06-13T17:50:09Z","mcp_query_count":1,"mcp_success_count":0,"mcp_failure_count":1,"mcp_tool_usage":"splunk_run_query","tool_name":"splunk_run_query","duration_ms":8050.75,"average_investigation_time":8050.75,"status":"failure","error":"","sourcetype":"aiops-mcp-metrics"}
{"timestamp":"2026-06-13T17:50:13Z","mcp_query_count":1,"mcp_success_count":1,"mcp_failure_count":0,"mcp_tool_usage":"splunk_run_query","tool_name":"splunk_run_query","duration_ms":3647.6,"average_investigation_time":3647.6,"status":"success","sourcetype":"aiops-mcp-metrics"}
{"timestamp":"2026-06-13T17:52:05Z","mcp_query_count":1,"mcp_success_count":0,"mcp_failure_count":1,"mcp_tool_usage":"splunk_run_query","tool_name":"splunk_run_query","duration_ms":8078.86,"average_investigation_time":8078.86,"status":"failure","error":"","sourcetype":"aiops-mcp-metrics"}
{"timestamp":"2026-06-13T17:52:12Z","mcp_query_count":1,"mcp_success_count":1,"mcp_failure_count":0,"mcp_tool_usage":"splunk_run_query","tool_name":"splunk_run_query","duration_ms":6480.7,"average_investigation_time":6480.7,"status":"success","sourcetype":"aiops-mcp-metrics"}
{"timestamp":"2026-06-13T17:52:15Z","mcp_query_count":1,"mcp_success_count":1,"mcp_failure_count":0,"mcp_tool_usage":"splunk_run_query","tool_name":"splunk_run_query","duration_ms":2679.82,"average_investigation_time":2679.82,"status":"success","sourcetype":"aiops-mcp-metrics"}
{"timestamp":"2026-06-13T18:00:06Z","mcp_query_count":1,"mcp_success_count":1,"mcp_failure_count":0,"mcp_tool_usage":"splunk_run_query","tool_name":"splunk_run_query","duration_ms":7582.07,"average_investigation_time":7582.07,"status":"success","sourcetype":"aiops-mcp-metrics"}
{"timestamp":"2026-06-13T18:00:09Z","mcp_query_count":1,"mcp_success_count":1,"mcp_failure_count":0,"mcp_tool_usage":"splunk_run_query","tool_name":"splunk_run_query","duration_ms":3242.6,"average_investigation_time":3242.6,"status":"success","sourcetype":"aiops-mcp-metrics"}
{"timestamp":"2026-06-13T18:05:41Z","mcp_query_count":1,"mcp_success_count":1,"mcp_failure_count":0,"mcp_tool_usage":"splunk_run_query","tool_name":"splunk_run_query","duration_ms":3672.64,"average_investigation_time":3672.64,"status":"success","sourcetype":"aiops-mcp-metrics"}
{"timestamp":"2026-06-13T18:07:09Z","mcp_query_count":1,"mcp_success_count":1,"mcp_failure_count":0,"mcp_tool_usage":"splunk_run_query","tool_name":"splunk_run_query","duration_ms":2895.81,"average_investigation_time":2895.81,"status":"success","sourcetype":"aiops-mcp-metrics"}
{"timestamp":"2026-06-13T18:10:02Z","mcp_query_count":1,"mcp_success_count":1,"mcp_failure_count":0,"mcp_tool_usage":"splunk_run_query","tool_name":"splunk_run_query","duration_ms":2336.32,"average_investigation_time":2336.32,"status":"success","sourcetype":"aiops-mcp-metrics"}
{"timestamp":"2026-06-13T18:10:05Z","mcp_query_count":1,"mcp_success_count":1,"mcp_failure_count":0,"mcp_tool_usage":"splunk_run_query","tool_name":"splunk_run_query","duration_ms":2651.73,"average_investigation_time":2651.73,"status":"success","sourcetype":"aiops-mcp-metrics"}
{"timestamp":"2026-06-13T18:16:38Z","mcp_query_count":1,"mcp_success_count":1,"mcp_failure_count":0,"mcp_tool_usage":"splunk_run_query","tool_name":"splunk_run_query","duration_ms":3699.05,"average_investigation_time":3699.05,"status":"success","sourcetype":"aiops-mcp-metrics"}
{"timestamp":"2026-06-13T18:20:11Z","mcp_query_count":1,"mcp_success_count":0,"mcp_failure_count":1,"mcp_tool_usage":"splunk_run_query","tool_name":"splunk_run_query","duration_ms":8080.56,"average_investigation_time":8080.56,"status":"failure","error":"","sourcetype":"aiops-mcp-metrics"}
{"timestamp":"2026-06-13T18:20:15Z","mcp_query_count":1,"mcp_success_count":1,"mcp_failure_count":0,"mcp_tool_usage":"splunk_run_query","tool_name":"splunk_run_query","duration_ms":4825.16,"average_investigation_time":4825.16,"status":"success","sourcetype":"aiops-mcp-metrics"}
{"timestamp":"2026-06-13T18:20:18Z","mcp_query_count":1,"mcp_success_count":1,"mcp_failure_count":0,"mcp_tool_usage":"splunk_run_query","tool_name":"splunk_run_query","duration_ms":2662.93,"average_investigation_time":2662.93,"status":"success","sourcetype":"aiops-mcp-metrics"}
{"timestamp":"2026-06-13T18:27:27Z","mcp_query_count":1,"mcp_success_count":1,"mcp_failure_count":0,"mcp_tool_usage":"splunk_run_query","tool_name":"splunk_run_query","duration_ms":5424.0,"average_investigation_time":5424.0,"status":"success","sourcetype":"aiops-mcp-metrics"}
{"timestamp":"2026-06-13T18:30:08Z","mcp_query_count":1,"mcp_success_count":1,"mcp_failure_count":0,"mcp_tool_usage":"splunk_run_query","tool_name":"splunk_run_query","duration_ms":3399.13,"average_investigation_time":3399.13,"status":"success","sourcetype":"aiops-mcp-metrics"}
{"timestamp":"2026-06-13T18:30:10Z","mcp_query_count":1,"mcp_success_count":1,"mcp_failure_count":0,"mcp_tool_usage":"splunk_run_query","tool_name":"splunk_run_query","duration_ms":2682.5,"average_investigation_time":2682.5,"status":"success","sourcetype":"aiops-mcp-metrics"}
{"timestamp":"2026-06-13T18:40:15Z","mcp_query_count":1,"mcp_success_count":0,"mcp_failure_count":1,"mcp_tool_usage":"splunk_run_query","tool_name":"splunk_run_query","duration_ms":8103.04,"average_investigation_time":8103.04,"status":"failure","error":"","sourcetype":"aiops-mcp-metrics"}
{"timestamp":"2026-06-13T18:40:20Z","mcp_query_count":1,"mcp_success_count":1,"mcp_failure_count":0,"mcp_tool_usage":"splunk_run_query","tool_name":"splunk_run_query","duration_ms":5338.1,"average_investigation_time":5338.1,"status":"success","sourcetype":"aiops-mcp-metrics"}
{"timestamp":"2026-06-13T18:40:24Z","mcp_query_count":1,"mcp_success_count":1,"mcp_failure_count":0,"mcp_tool_usage":"splunk_run_query","tool_name":"splunk_run_query","duration_ms":3180.85,"average_investigation_time":3180.85,"status":"success","sourcetype":"aiops-mcp-metrics"}
{"timestamp":"2026-06-13T18:50:16Z","mcp_query_count":1,"mcp_success_count":1,"mcp_failure_count":0,"mcp_tool_usage":"splunk_run_query","tool_name":"splunk_run_query","duration_ms":7054.43,"average_investigation_time":7054.43,"status":"success","sourcetype":"aiops-mcp-metrics"}
{"timestamp":"2026-06-13T18:50:19Z","mcp_query_count":1,"mcp_success_count":1,"mcp_failure_count":0,"mcp_tool_usage":"splunk_run_query","tool_name":"splunk_run_query","duration_ms":2642.28,"average_investigation_time":2642.28,"status":"success","sourcetype":"aiops-mcp-metrics"}
{"timestamp":"2026-06-13T19:00:15Z","mcp_query_count":1,"mcp_success_count":1,"mcp_failure_count":0,"mcp_tool_usage":"splunk_run_query","tool_name":"splunk_run_query","duration_ms":5057.7,"average_investigation_time":5057.7,"status":"success","sourcetype":"aiops-mcp-metrics"}
{"timestamp":"2026-06-13T19:00:19Z","mcp_query_count":1,"mcp_success_count":1,"mcp_failure_count":0,"mcp_tool_usage":"splunk_run_query","tool_name":"splunk_run_query","duration_ms":3290.27,"average_investigation_time":3290.27,"status":"success","sourcetype":"aiops-mcp-metrics"}
{"timestamp":"2026-06-13T19:02:32Z","mcp_query_count":1,"mcp_success_count":1,"mcp_failure_count":0,"mcp_tool_usage":"splunk_run_query","tool_name":"splunk_run_query","duration_ms":2288.1,"average_investigation_time":2288.1,"status":"success","sourcetype":"aiops-mcp-metrics"}
{"timestamp":"2026-06-13T19:10:15Z","mcp_query_count":1,"mcp_success_count":1,"mcp_failure_count":0,"mcp_tool_usage":"splunk_run_query","tool_name":"splunk_run_query","duration_ms":3919.07,"average_investigation_time":3919.07,"status":"success","sourcetype":"aiops-mcp-metrics"}
{"timestamp":"2026-06-13T19:10:18Z","mcp_query_count":1,"mcp_success_count":1,"mcp_failure_count":0,"mcp_tool_usage":"splunk_run_query","tool_name":"splunk_run_query","duration_ms":2678.85,"average_investigation_time":2678.85,"status":"success","sourcetype":"aiops-mcp-metrics"}
{"timestamp":"2026-06-13T19:20:16Z","mcp_query_count":1,"mcp_success_count":1,"mcp_failure_count":0,"mcp_tool_usage":"splunk_run_query","tool_name":"splunk_run_query","duration_ms":3691.9,"average_investigation_time":3691.9,"status":"success","sourcetype":"aiops-mcp-metrics"}
{"timestamp":"2026-06-13T19:20:18Z","mcp_query_count":1,"mcp_success_count":1,"mcp_failure_count":0,"mcp_tool_usage":"splunk_run_query","tool_name":"splunk_run_query","duration_ms":2190.43,"average_investigation_time":2190.43,"status":"success","sourcetype":"aiops-mcp-metrics"}
{"timestamp":"2026-06-13T19:30:18Z","mcp_query_count":1,"mcp_success_count":1,"mcp_failure_count":0,"mcp_tool_usage":"splunk_run_query","tool_name":"splunk_run_query","duration_ms":3110.81,"average_investigation_time":3110.81,"status":"success","sourcetype":"aiops-mcp-metrics"}
{"timestamp":"2026-06-13T19:30:20Z","mcp_query_count":1,"mcp_success_count":1,"mcp_failure_count":0,"mcp_tool_usage":"splunk_run_query","tool_name":"splunk_run_query","duration_ms":2645.07,"average_investigation_time":2645.07,"status":"success","sourcetype":"aiops-mcp-metrics"}
{"timestamp":"2026-06-13T19:40:20Z","mcp_query_count":1,"mcp_success_count":1,"mcp_failure_count":0,"mcp_tool_usage":"splunk_run_query","tool_name":"splunk_run_query","duration_ms":3166.7,"average_investigation_time":3166.7,"status":"success","sourcetype":"aiops-mcp-metrics"}
{"timestamp":"2026-06-13T19:40:22Z","mcp_query_count":1,"mcp_success_count":1,"mcp_failure_count":0,"mcp_tool_usage":"splunk_run_query","tool_name":"splunk_run_query","duration_ms":2161.17,"average_investigation_time":2161.17,"status":"success","sourcetype":"aiops-mcp-metrics"}
{"timestamp":"2026-06-13T19:40:24Z","mcp_query_count":1,"mcp_success_count":1,"mcp_failure_count":0,"mcp_tool_usage":"splunk_run_query","tool_name":"splunk_run_query","duration_ms":2659.44,"average_investigation_time":2659.44,"status":"success","sourcetype":"aiops-mcp-metrics"}
{"timestamp":"2026-06-13T19:40:27Z","mcp_query_count":1,"mcp_success_count":1,"mcp_failure_count":0,"mcp_tool_usage":"splunk_run_query","tool_name":"splunk_run_query","duration_ms":2650.15,"average_investigation_time":2650.15,"status":"success","sourcetype":"aiops-mcp-metrics"}
{"timestamp":"2026-06-13T19:50:22Z","mcp_query_count":1,"mcp_success_count":1,"mcp_failure_count":0,"mcp_tool_usage":"splunk_run_query","tool_name":"splunk_run_query","duration_ms":4688.21,"average_investigation_time":4688.21,"status":"success","sourcetype":"aiops-mcp-metrics"}
{"timestamp":"2026-06-13T19:50:25Z","mcp_query_count":1,"mcp_success_count":1,"mcp_failure_count":0,"mcp_tool_usage":"splunk_run_query","tool_name":"splunk_run_query","duration_ms":3169.2,"average_investigation_time":3169.2,"status":"success","sourcetype":"aiops-mcp-metrics"}
{"timestamp":"2026-06-13T20:10:25Z","mcp_query_count":1,"mcp_success_count":1,"mcp_failure_count":0,"mcp_tool_usage":"splunk_run_query","tool_name":"splunk_run_query","duration_ms":4754.69,"average_investigation_time":4754.69,"status":"success","sourcetype":"aiops-mcp-metrics"}
{"timestamp":"2026-06-13T20:10:29Z","mcp_query_count":1,"mcp_success_count":1,"mcp_failure_count":0,"mcp_tool_usage":"splunk_run_query","tool_name":"splunk_run_query","duration_ms":4239.83,"average_investigation_time":4239.83,"status":"success","sourcetype":"aiops-mcp-metrics"}
{"timestamp":"2026-06-13T20:11:36Z","mcp_query_count":1,"mcp_success_count":0,"mcp_failure_count":1,"mcp_tool_usage":"splunk_get_info","tool_name":"splunk_get_info","duration_ms":961.51,"average_investigation_time":961.51,"status":"failure","error":"","sourcetype":"aiops-mcp-metrics"}
{"timestamp":"2026-06-13T20:14:35Z","mcp_query_count":1,"mcp_success_count":0,"mcp_failure_count":1,"mcp_tool_usage":"splunk_get_info","tool_name":"splunk_get_info","duration_ms":903.81,"average_investigation_time":903.81,"status":"failure","error":"","sourcetype":"aiops-mcp-metrics"}
{"timestamp":"2026-06-13T20:15:12Z","mcp_query_count":1,"mcp_success_count":0,"mcp_failure_count":1,"mcp_tool_usage":"splunk_get_info","tool_name":"splunk_get_info","duration_ms":848.81,"average_investigation_time":848.81,"status":"failure","error":"","sourcetype":"aiops-mcp-metrics"}
{"timestamp":"2026-06-13T20:21:29Z","mcp_query_count":1,"mcp_success_count":1,"mcp_failure_count":0,"mcp_tool_usage":"splunk_run_query","tool_name":"splunk_run_query","duration_ms":4254.13,"average_investigation_time":4254.13,"status":"success","sourcetype":"aiops-mcp-metrics"}
{"timestamp":"2026-06-13T20:21:32Z","mcp_query_count":1,"mcp_success_count":1,"mcp_failure_count":0,"mcp_tool_usage":"splunk_run_query","tool_name":"splunk_run_query","duration_ms":2143.95,"average_investigation_time":2143.95,"status":"success","sourcetype":"aiops-mcp-metrics"}
{"timestamp":"2026-06-13T20:21:34Z","mcp_query_count":1,"mcp_success_count":1,"mcp_failure_count":0,"mcp_tool_usage":"splunk_run_query","tool_name":"splunk_run_query","duration_ms":2671.91,"average_investigation_time":2671.91,"status":"success","sourcetype":"aiops-mcp-metrics"}
{"timestamp":"2026-06-13T20:21:36Z","mcp_query_count":1,"mcp_success_count":1,"mcp_failure_count":0,"mcp_tool_usage":"splunk_run_query","tool_name":"splunk_run_query","duration_ms":2131.65,"average_investigation_time":2131.65,"status":"success","sourcetype":"aiops-mcp-metrics"}
{"timestamp":"2026-06-14T02:36:22Z","mcp_query_count":1,"mcp_success_count":0,"mcp_failure_count":1,"mcp_tool_usage":"splunk_get_info","tool_name":"splunk_get_info","duration_ms":1703.91,"average_investigation_time":1703.91,"status":"failure","error":"","sourcetype":"aiops-mcp-metrics"}
{"timestamp":"2026-06-14T02:37:17Z","mcp_query_count":1,"mcp_success_count":1,"mcp_failure_count":0,"mcp_tool_usage":"splunk_run_query","tool_name":"splunk_run_query","duration_ms":3381.08,"average_investigation_time":3381.08,"status":"success","sourcetype":"aiops-mcp-metrics"}
{"timestamp":"2026-06-14T02:37:21Z","mcp_query_count":1,"mcp_success_count":1,"mcp_failure_count":0,"mcp_tool_usage":"splunk_run_query","tool_name":"splunk_run_query","duration_ms":3692.8,"average_investigation_time":3692.8,"status":"success","sourcetype":"aiops-mcp-metrics"}
{"timestamp":"2026-06-14T02:37:23Z","mcp_query_count":1,"mcp_success_count":1,"mcp_failure_count":0,"mcp_tool_usage":"splunk_run_query","tool_name":"splunk_run_query","duration_ms":2669.31,"average_investigation_time":2669.31,"status":"success","sourcetype":"aiops-mcp-metrics"}
{"timestamp":"2026-06-14T02:37:26Z","mcp_query_count":1,"mcp_success_count":1,"mcp_failure_count":0,"mcp_tool_usage":"splunk_run_query","tool_name":"splunk_run_query","duration_ms":2655.45,"average_investigation_time":2655.45,"status":"success","sourcetype":"aiops-mcp-metrics"}
{"timestamp":"2026-06-14T02:37:30Z","mcp_query_count":1,"mcp_success_count":1,"mcp_failure_count":0,"mcp_tool_usage":"splunk_run_query","tool_name":"splunk_run_query","duration_ms":2608.79,"average_investigation_time":2608.79,"status":"success","sourcetype":"aiops-mcp-metrics"}
{"timestamp":"2026-06-14T02:37:34Z","mcp_query_count":1,"mcp_success_count":1,"mcp_failure_count":0,"mcp_tool_usage":"splunk_run_query","tool_name":"splunk_run_query","duration_ms":3860.85,"average_investigation_time":3860.85,"status":"success","sourcetype":"aiops-mcp-metrics"}
{"timestamp":"2026-06-14T02:37:41Z","mcp_query_count":1,"mcp_success_count":0,"mcp_failure_count":1,"mcp_tool_usage":"splunk_run_query","tool_name":"splunk_run_query","duration_ms":8134.45,"average_investigation_time":8134.45,"status":"failure","error":"","sourcetype":"aiops-mcp-metrics"}
{"timestamp":"2026-06-14T02:37:42Z","mcp_query_count":1,"mcp_success_count":0,"mcp_failure_count":1,"mcp_tool_usage":"splunk_run_query","tool_name":"splunk_run_query","duration_ms":8061.24,"average_investigation_time":8061.24,"status":"failure","error":"","sourcetype":"aiops-mcp-metrics"}
{"timestamp":"2026-06-14T02:37:49Z","mcp_query_count":1,"mcp_success_count":0,"mcp_failure_count":1,"mcp_tool_usage":"splunk_run_query","tool_name":"splunk_run_query","duration_ms":8141.04,"average_investigation_time":8141.04,"status":"failure","error":"","sourcetype":"aiops-mcp-metrics"}
{"timestamp":"2026-06-14T02:37:50Z","mcp_query_count":1,"mcp_success_count":0,"mcp_failure_count":1,"mcp_tool_usage":"splunk_run_query","tool_name":"splunk_run_query","duration_ms":8079.44,"average_investigation_time":8079.44,"status":"failure","error":"","sourcetype":"aiops-mcp-metrics"}
{"timestamp":"2026-06-14T02:37:57Z","mcp_query_count":1,"mcp_success_count":0,"mcp_failure_count":1,"mcp_tool_usage":"splunk_run_query","tool_name":"splunk_run_query","duration_ms":8197.76,"average_investigation_time":8197.76,"status":"failure","error":"","sourcetype":"aiops-mcp-metrics"}
{"timestamp":"2026-06-14T02:38:14Z","mcp_query_count":1,"mcp_success_count":0,"mcp_failure_count":1,"mcp_tool_usage":"splunk_run_query","tool_name":"splunk_run_query","duration_ms":8272.89,"average_investigation_time":8272.89,"status":"failure","error":"","sourcetype":"aiops-mcp-metrics"}
{"timestamp":"2026-06-14T02:38:22Z","mcp_query_count":1,"mcp_success_count":0,"mcp_failure_count":1,"mcp_tool_usage":"splunk_run_query","tool_name":"splunk_run_query","duration_ms":8101.85,"average_investigation_time":8101.85,"status":"failure","error":"","sourcetype":"aiops-mcp-metrics"}
{"timestamp":"2026-06-14T02:38:30Z","mcp_query_count":1,"mcp_success_count":0,"mcp_failure_count":1,"mcp_tool_usage":"splunk_run_query","tool_name":"splunk_run_query","duration_ms":8054.3,"average_investigation_time":8054.3,"status":"failure","error":"","sourcetype":"aiops-mcp-metrics"}
{"timestamp":"2026-06-14T02:38:45Z","mcp_query_count":1,"mcp_success_count":0,"mcp_failure_count":1,"mcp_tool_usage":"splunk_run_query","tool_name":"splunk_run_query","duration_ms":8125.69,"average_investigation_time":8125.69,"status":"failure","error":"","sourcetype":"aiops-mcp-metrics"}
{"timestamp":"2026-06-14T02:38:53Z","mcp_query_count":1,"mcp_success_count":0,"mcp_failure_count":1,"mcp_tool_usage":"splunk_run_query","tool_name":"splunk_run_query","duration_ms":8117.91,"average_investigation_time":8117.91,"status":"failure","error":"","sourcetype":"aiops-mcp-metrics"}
{"timestamp":"2026-06-14T02:39:00Z","mcp_query_count":1,"mcp_success_count":0,"mcp_failure_count":1,"mcp_tool_usage":"splunk_run_query","tool_name":"splunk_run_query","duration_ms":8229.06,"average_investigation_time":8229.06,"status":"failure","error":"","sourcetype":"aiops-mcp-metrics"}
{"timestamp":"2026-06-14T02:39:01Z","mcp_query_count":1,"mcp_success_count":0,"mcp_failure_count":1,"mcp_tool_usage":"splunk_run_query","tool_name":"splunk_run_query","duration_ms":8092.7,"average_investigation_time":8092.7,"status":"failure","error":"","sourcetype":"aiops-mcp-metrics"}
{"timestamp":"2026-06-14T02:39:08Z","mcp_query_count":1,"mcp_success_count":0,"mcp_failure_count":1,"mcp_tool_usage":"splunk_run_query","tool_name":"splunk_run_query","duration_ms":8141.93,"average_investigation_time":8141.93,"status":"failure","error":"","sourcetype":"aiops-mcp-metrics"}
{"timestamp":"2026-06-14T02:39:10Z","mcp_query_count":1,"mcp_success_count":0,"mcp_failure_count":1,"mcp_tool_usage":"splunk_run_query","tool_name":"splunk_run_query","duration_ms":8108.29,"average_investigation_time":8108.29,"status":"failure","error":"","sourcetype":"aiops-mcp-metrics"}
{"timestamp":"2026-06-14T02:39:16Z","mcp_query_count":1,"mcp_success_count":0,"mcp_failure_count":1,"mcp_tool_usage":"splunk_run_query","tool_name":"splunk_run_query","duration_ms":8072.64,"average_investigation_time":8072.64,"status":"failure","error":"","sourcetype":"aiops-mcp-metrics"}
{"timestamp":"2026-06-14T02:39:18Z","mcp_query_count":1,"mcp_success_count":0,"mcp_failure_count":1,"mcp_tool_usage":"splunk_run_query","tool_name":"splunk_run_query","duration_ms":8056.27,"average_investigation_time":8056.27,"status":"failure","error":"","sourcetype":"aiops-mcp-metrics"}
{"timestamp":"2026-06-14T02:39:26Z","mcp_query_count":1,"mcp_success_count":1,"mcp_failure_count":0,"mcp_tool_usage":"splunk_run_query","tool_name":"splunk_run_query","duration_ms":7926.58,"average_investigation_time":7926.58,"status":"success","sourcetype":"aiops-mcp-metrics"}
{"timestamp":"2026-06-14T02:39:37Z","mcp_query_count":1,"mcp_success_count":1,"mcp_failure_count":0,"mcp_tool_usage":"splunk_run_query","tool_name":"splunk_run_query","duration_ms":7902.39,"average_investigation_time":7902.39,"status":"success","sourcetype":"aiops-mcp-metrics"}
{"timestamp":"2026-06-14T02:39:45Z","mcp_query_count":1,"mcp_success_count":0,"mcp_failure_count":1,"mcp_tool_usage":"splunk_run_query","tool_name":"splunk_run_query","duration_ms":8089.41,"average_investigation_time":8089.41,"status":"failure","error":"","sourcetype":"aiops-mcp-metrics"}
{"timestamp":"2026-06-14T02:39:48Z","mcp_query_count":1,"mcp_success_count":0,"mcp_failure_count":1,"mcp_tool_usage":"splunk_run_query","tool_name":"splunk_run_query","duration_ms":8084.14,"average_investigation_time":8084.14,"status":"failure","error":"","sourcetype":"aiops-mcp-metrics"}
{"timestamp":"2026-06-14T02:39:54Z","mcp_query_count":1,"mcp_success_count":0,"mcp_failure_count":1,"mcp_tool_usage":"splunk_run_query","tool_name":"splunk_run_query","duration_ms":8113.33,"average_investigation_time":8113.33,"status":"failure","error":"","sourcetype":"aiops-mcp-metrics"}
{"timestamp":"2026-06-14T02:39:57Z","mcp_query_count":1,"mcp_success_count":0,"mcp_failure_count":1,"mcp_tool_usage":"splunk_run_query","tool_name":"splunk_run_query","duration_ms":8089.98,"average_investigation_time":8089.98,"status":"failure","error":"","sourcetype":"aiops-mcp-metrics"}
{"timestamp":"2026-06-14T02:40:05Z","mcp_query_count":1,"mcp_success_count":0,"mcp_failure_count":1,"mcp_tool_usage":"splunk_run_query","tool_name":"splunk_run_query","duration_ms":8072.6,"average_investigation_time":8072.6,"status":"failure","error":"","sourcetype":"aiops-mcp-metrics"}
{"timestamp":"2026-06-14T02:41:08Z","mcp_query_count":1,"mcp_success_count":1,"mcp_failure_count":0,"mcp_tool_usage":"splunk_run_query","tool_name":"splunk_run_query","duration_ms":3332.5,"average_investigation_time":3332.5,"status":"success","sourcetype":"aiops-mcp-metrics"}
{"timestamp":"2026-06-14T02:41:11Z","mcp_query_count":1,"mcp_success_count":1,"mcp_failure_count":0,"mcp_tool_usage":"splunk_run_query","tool_name":"splunk_run_query","duration_ms":3706.4,"average_investigation_time":3706.4,"status":"success","sourcetype":"aiops-mcp-metrics"}
{"timestamp":"2026-06-14T02:41:15Z","mcp_query_count":1,"mcp_success_count":1,"mcp_failure_count":0,"mcp_tool_usage":"splunk_run_query","tool_name":"splunk_run_query","duration_ms":3172.57,"average_investigation_time":3172.57,"status":"success","sourcetype":"aiops-mcp-metrics"}
{"timestamp":"2026-06-14T02:41:17Z","mcp_query_count":1,"mcp_success_count":1,"mcp_failure_count":0,"mcp_tool_usage":"splunk_run_query","tool_name":"splunk_run_query","duration_ms":2666.44,"average_investigation_time":2666.44,"status":"success","sourcetype":"aiops-mcp-metrics"}
{"timestamp":"2026-06-14T02:41:35Z","mcp_query_count":1,"mcp_success_count":1,"mcp_failure_count":0,"mcp_tool_usage":"splunk_run_query","tool_name":"splunk_run_query","duration_ms":5805.11,"average_investigation_time":5805.11,"status":"success","sourcetype":"aiops-mcp-metrics"}
{"timestamp":"2026-06-14T02:41:38Z","mcp_query_count":1,"mcp_success_count":1,"mcp_failure_count":0,"mcp_tool_usage":"splunk_run_query","tool_name":"splunk_run_query","duration_ms":3209.52,"average_investigation_time":3209.52,"status":"success","sourcetype":"aiops-mcp-metrics"}
{"timestamp":"2026-06-14T02:41:41Z","mcp_query_count":1,"mcp_success_count":1,"mcp_failure_count":0,"mcp_tool_usage":"splunk_run_query","tool_name":"splunk_run_query","duration_ms":3255.13,"average_investigation_time":3255.13,"status":"success","sourcetype":"aiops-mcp-metrics"}
{"timestamp":"2026-06-14T02:41:44Z","mcp_query_count":1,"mcp_success_count":1,"mcp_failure_count":0,"mcp_tool_usage":"splunk_run_query","tool_name":"splunk_run_query","duration_ms":2667.31,"average_investigation_time":2667.31,"status":"success","sourcetype":"aiops-mcp-metrics"}
{"timestamp":"2026-06-14T02:42:22Z","mcp_query_count":1,"mcp_success_count":1,"mcp_failure_count":0,"mcp_tool_usage":"splunk_run_query","tool_name":"splunk_run_query","duration_ms":7022.02,"average_investigation_time":7022.02,"status":"success","sourcetype":"aiops-mcp-metrics"}
{"timestamp":"2026-06-14T02:42:28Z","mcp_query_count":1,"mcp_success_count":1,"mcp_failure_count":0,"mcp_tool_usage":"splunk_run_query","tool_name":"splunk_run_query","duration_ms":5532.54,"average_investigation_time":5532.54,"status":"success","sourcetype":"aiops-mcp-metrics"}
{"timestamp":"2026-06-14T02:42:32Z","mcp_query_count":1,"mcp_success_count":1,"mcp_failure_count":0,"mcp_tool_usage":"splunk_run_query","tool_name":"splunk_run_query","duration_ms":6867.3,"average_investigation_time":6867.3,"status":"success","sourcetype":"aiops-mcp-metrics"}
{"timestamp":"2026-06-14T02:42:36Z","mcp_query_count":1,"mcp_success_count":0,"mcp_failure_count":1,"mcp_tool_usage":"splunk_run_query","tool_name":"splunk_run_query","duration_ms":8048.79,"average_investigation_time":8048.79,"status":"failure","error":"","sourcetype":"aiops-mcp-metrics"}
{"timestamp":"2026-06-14T02:42:40Z","mcp_query_count":1,"mcp_success_count":0,"mcp_failure_count":1,"mcp_tool_usage":"splunk_run_query","tool_name":"splunk_run_query","duration_ms":8069.29,"average_investigation_time":8069.29,"status":"failure","error":"","sourcetype":"aiops-mcp-metrics"}
{"timestamp":"2026-06-14T02:42:44Z","mcp_query_count":1,"mcp_success_count":1,"mcp_failure_count":0,"mcp_tool_usage":"splunk_run_query","tool_name":"splunk_run_query","duration_ms":7620.57,"average_investigation_time":7620.57,"status":"success","sourcetype":"aiops-mcp-metrics"}
{"timestamp":"2026-06-14T02:42:46Z","mcp_query_count":1,"mcp_success_count":1,"mcp_failure_count":0,"mcp_tool_usage":"splunk_run_query","tool_name":"splunk_run_query","duration_ms":5893.38,"average_investigation_time":5893.38,"status":"success","sourcetype":"aiops-mcp-metrics"}
{"timestamp":"2026-06-14T02:42:50Z","mcp_query_count":1,"mcp_success_count":1,"mcp_failure_count":0,"mcp_tool_usage":"splunk_run_query","tool_name":"splunk_run_query","duration_ms":4722.86,"average_investigation_time":4722.86,"status":"success","sourcetype":"aiops-mcp-metrics"}
{"timestamp":"2026-06-14T02:42:56Z","mcp_query_count":1,"mcp_success_count":1,"mcp_failure_count":0,"mcp_tool_usage":"splunk_run_query","tool_name":"splunk_run_query","duration_ms":6062.97,"average_investigation_time":6062.97,"status":"success","sourcetype":"aiops-mcp-metrics"}
{"timestamp":"2026-06-14T02:43:01Z","mcp_query_count":1,"mcp_success_count":1,"mcp_failure_count":0,"mcp_tool_usage":"splunk_run_query","tool_name":"splunk_run_query","duration_ms":4888.62,"average_investigation_time":4888.62,"status":"success","sourcetype":"aiops-mcp-metrics"}
{"timestamp":"2026-06-14T02:43:06Z","mcp_query_count":1,"mcp_success_count":1,"mcp_failure_count":0,"mcp_tool_usage":"splunk_run_query","tool_name":"splunk_run_query","duration_ms":5342.75,"average_investigation_time":5342.75,"status":"success","sourcetype":"aiops-mcp-metrics"}
{"timestamp":"2026-06-14T02:43:30Z","mcp_query_count":1,"mcp_success_count":1,"mcp_failure_count":0,"mcp_tool_usage":"splunk_run_query","tool_name":"splunk_run_query","duration_ms":4246.55,"average_investigation_time":4246.55,"status":"success","sourcetype":"aiops-mcp-metrics"}
{"timestamp":"2026-06-14T02:43:33Z","mcp_query_count":1,"mcp_success_count":1,"mcp_failure_count":0,"mcp_tool_usage":"splunk_run_query","tool_name":"splunk_run_query","duration_ms":3180.78,"average_investigation_time":3180.78,"status":"success","sourcetype":"aiops-mcp-metrics"}
{"timestamp":"2026-06-14T02:43:38Z","mcp_query_count":1,"mcp_success_count":1,"mcp_failure_count":0,"mcp_tool_usage":"splunk_run_query","tool_name":"splunk_run_query","duration_ms":5315.34,"average_investigation_time":5315.34,"status":"success","sourcetype":"aiops-mcp-metrics"}
{"timestamp":"2026-06-14T02:43:44Z","mcp_query_count":1,"mcp_success_count":1,"mcp_failure_count":0,"mcp_tool_usage":"splunk_run_query","tool_name":"splunk_run_query","duration_ms":5993.06,"average_investigation_time":5993.06,"status":"success","sourcetype":"aiops-mcp-metrics"}
{"timestamp":"2026-06-14T02:44:37Z","mcp_query_count":1,"mcp_success_count":1,"mcp_failure_count":0,"mcp_tool_usage":"splunk_run_query","tool_name":"splunk_run_query","duration_ms":6265.31,"average_investigation_time":6265.31,"status":"success","sourcetype":"aiops-mcp-metrics"}
{"timestamp":"2026-06-14T02:44:42Z","mcp_query_count":1,"mcp_success_count":1,"mcp_failure_count":0,"mcp_tool_usage":"splunk_run_query","tool_name":"splunk_run_query","duration_ms":4822.59,"average_investigation_time":4822.59,"status":"success","sourcetype":"aiops-mcp-metrics"}
{"timestamp":"2026-06-14T02:44:46Z","mcp_query_count":1,"mcp_success_count":1,"mcp_failure_count":0,"mcp_tool_usage":"splunk_run_query","tool_name":"splunk_run_query","duration_ms":4303.89,"average_investigation_time":4303.89,"status":"success","sourcetype":"aiops-mcp-metrics"}
{"timestamp":"2026-06-14T02:44:53Z","mcp_query_count":1,"mcp_success_count":1,"mcp_failure_count":0,"mcp_tool_usage":"splunk_run_query","tool_name":"splunk_run_query","duration_ms":6123.35,"average_investigation_time":6123.35,"status":"success","sourcetype":"aiops-mcp-metrics"}
{"timestamp":"2026-06-14T02:45:50Z","mcp_query_count":1,"mcp_success_count":1,"mcp_failure_count":0,"mcp_tool_usage":"splunk_run_query","tool_name":"splunk_run_query","duration_ms":3260.55,"average_investigation_time":3260.55,"status":"success","sourcetype":"aiops-mcp-metrics"}
{"timestamp":"2026-06-14T02:45:56Z","mcp_query_count":1,"mcp_success_count":1,"mcp_failure_count":0,"mcp_tool_usage":"splunk_run_query","tool_name":"splunk_run_query","duration_ms":6097.88,"average_investigation_time":6097.88,"status":"success","sourcetype":"aiops-mcp-metrics"}
{"timestamp":"2026-06-14T02:46:00Z","mcp_query_count":1,"mcp_success_count":1,"mcp_failure_count":0,"mcp_tool_usage":"splunk_run_query","tool_name":"splunk_run_query","duration_ms":4280.86,"average_investigation_time":4280.86,"status":"success","sourcetype":"aiops-mcp-metrics"}
{"timestamp":"2026-06-14T02:46:04Z","mcp_query_count":1,"mcp_success_count":1,"mcp_failure_count":0,"mcp_tool_usage":"splunk_run_query","tool_name":"splunk_run_query","duration_ms":3221.83,"average_investigation_time":3221.83,"status":"success","sourcetype":"aiops-mcp-metrics"}
{"timestamp":"2026-06-14T02:46:20Z","mcp_query_count":1,"mcp_success_count":0,"mcp_failure_count":1,"mcp_tool_usage":"splunk_run_query","tool_name":"splunk_run_query","duration_ms":8049.43,"average_investigation_time":8049.43,"status":"failure","error":"","sourcetype":"aiops-mcp-metrics"}
{"timestamp":"2026-06-14T02:46:28Z","mcp_query_count":1,"mcp_success_count":0,"mcp_failure_count":1,"mcp_tool_usage":"splunk_run_query","tool_name":"splunk_run_query","duration_ms":8082.82,"average_investigation_time":8082.82,"status":"failure","error":"","sourcetype":"aiops-mcp-metrics"}
{"timestamp":"2026-06-14T02:46:30Z","mcp_query_count":1,"mcp_success_count":0,"mcp_failure_count":1,"mcp_tool_usage":"splunk_run_query","tool_name":"splunk_run_query","duration_ms":8041.54,"average_investigation_time":8041.54,"status":"failure","error":"","sourcetype":"aiops-mcp-metrics"}
{"timestamp":"2026-06-14T02:46:36Z","mcp_query_count":1,"mcp_success_count":0,"mcp_failure_count":1,"mcp_tool_usage":"splunk_run_query","tool_name":"splunk_run_query","duration_ms":8042.57,"average_investigation_time":8042.57,"status":"failure","error":"","sourcetype":"aiops-mcp-metrics"}
{"timestamp":"2026-06-14T02:46:38Z","mcp_query_count":1,"mcp_success_count":0,"mcp_failure_count":1,"mcp_tool_usage":"splunk_run_query","tool_name":"splunk_run_query","duration_ms":8122.08,"average_investigation_time":8122.08,"status":"failure","error":"","sourcetype":"aiops-mcp-metrics"}
{"timestamp":"2026-06-14T02:46:46Z","mcp_query_count":1,"mcp_success_count":0,"mcp_failure_count":1,"mcp_tool_usage":"splunk_run_query","tool_name":"splunk_run_query","duration_ms":8117.45,"average_investigation_time":8117.45,"status":"failure","error":"","sourcetype":"aiops-mcp-metrics"}
{"timestamp":"2026-06-14T02:47:21Z","mcp_query_count":1,"mcp_success_count":0,"mcp_failure_count":1,"mcp_tool_usage":"splunk_run_query","tool_name":"splunk_run_query","duration_ms":8122.36,"average_investigation_time":8122.36,"status":"failure","error":"","sourcetype":"aiops-mcp-metrics"}
{"timestamp":"2026-06-14T02:47:30Z","mcp_query_count":1,"mcp_success_count":0,"mcp_failure_count":1,"mcp_tool_usage":"splunk_run_query","tool_name":"splunk_run_query","duration_ms":8101.95,"average_investigation_time":8101.95,"status":"failure","error":"","sourcetype":"aiops-mcp-metrics"}
{"timestamp":"2026-06-14T02:47:38Z","mcp_query_count":1,"mcp_success_count":0,"mcp_failure_count":1,"mcp_tool_usage":"splunk_run_query","tool_name":"splunk_run_query","duration_ms":8046.76,"average_investigation_time":8046.76,"status":"failure","error":"","sourcetype":"aiops-mcp-metrics"}
{"timestamp":"2026-06-14T02:48:05Z","mcp_query_count":1,"mcp_success_count":1,"mcp_failure_count":0,"mcp_tool_usage":"splunk_run_query","tool_name":"splunk_run_query","duration_ms":6526.08,"average_investigation_time":6526.08,"status":"success","sourcetype":"aiops-mcp-metrics"}
{"timestamp":"2026-06-14T02:48:10Z","mcp_query_count":1,"mcp_success_count":1,"mcp_failure_count":0,"mcp_tool_usage":"splunk_run_query","tool_name":"splunk_run_query","duration_ms":5609.75,"average_investigation_time":5609.75,"status":"success","sourcetype":"aiops-mcp-metrics"}
{"timestamp":"2026-06-14T02:48:16Z","mcp_query_count":1,"mcp_success_count":1,"mcp_failure_count":0,"mcp_tool_usage":"splunk_run_query","tool_name":"splunk_run_query","duration_ms":5315.51,"average_investigation_time":5315.51,"status":"success","sourcetype":"aiops-mcp-metrics"}
{"timestamp":"2026-06-14T02:48:22Z","mcp_query_count":1,"mcp_success_count":1,"mcp_failure_count":0,"mcp_tool_usage":"splunk_run_query","tool_name":"splunk_run_query","duration_ms":5950.24,"average_investigation_time":5950.24,"status":"success","sourcetype":"aiops-mcp-metrics"}
{"timestamp":"2026-06-14T02:48:32Z","mcp_query_count":1,"mcp_success_count":0,"mcp_failure_count":1,"mcp_tool_usage":"splunk_run_query","tool_name":"splunk_run_query","duration_ms":8077.34,"average_investigation_time":8077.34,"status":"failure","error":"","sourcetype":"aiops-mcp-metrics"}
{"timestamp":"2026-06-14T02:48:40Z","mcp_query_count":1,"mcp_success_count":0,"mcp_failure_count":1,"mcp_tool_usage":"splunk_run_query","tool_name":"splunk_run_query","duration_ms":8109.32,"average_investigation_time":8109.32,"status":"failure","error":"","sourcetype":"aiops-mcp-metrics"}
{"timestamp":"2026-06-14T02:48:48Z","mcp_query_count":1,"mcp_success_count":0,"mcp_failure_count":1,"mcp_tool_usage":"splunk_run_query","tool_name":"splunk_run_query","duration_ms":8013.84,"average_investigation_time":8013.84,"status":"failure","error":"","sourcetype":"aiops-mcp-metrics"}
{"timestamp":"2026-06-14T02:49:32Z","mcp_query_count":1,"mcp_success_count":0,"mcp_failure_count":1,"mcp_tool_usage":"splunk_run_query","tool_name":"splunk_run_query","duration_ms":8062.41,"average_investigation_time":8062.41,"status":"failure","error":"","sourcetype":"aiops-mcp-metrics"}
{"timestamp":"2026-06-14T02:49:39Z","mcp_query_count":1,"mcp_success_count":1,"mcp_failure_count":0,"mcp_tool_usage":"splunk_run_query","tool_name":"splunk_run_query","duration_ms":6780.72,"average_investigation_time":6780.72,"status":"success","sourcetype":"aiops-mcp-metrics"}
{"timestamp":"2026-06-14T02:49:47Z","mcp_query_count":1,"mcp_success_count":0,"mcp_failure_count":1,"mcp_tool_usage":"splunk_run_query","tool_name":"splunk_run_query","duration_ms":8054.47,"average_investigation_time":8054.47,"status":"failure","error":"","sourcetype":"aiops-mcp-metrics"}
{"timestamp":"2026-06-14T02:49:52Z","mcp_query_count":1,"mcp_success_count":1,"mcp_failure_count":0,"mcp_tool_usage":"splunk_run_query","tool_name":"splunk_run_query","duration_ms":7762.05,"average_investigation_time":7762.05,"status":"success","sourcetype":"aiops-mcp-metrics"}
{"timestamp":"2026-06-14T02:49:55Z","mcp_query_count":1,"mcp_success_count":0,"mcp_failure_count":1,"mcp_tool_usage":"splunk_run_query","tool_name":"splunk_run_query","duration_ms":8033.25,"average_investigation_time":8033.25,"status":"failure","error":"","sourcetype":"aiops-mcp-metrics"}
{"timestamp":"2026-06-14T02:49:57Z","mcp_query_count":1,"mcp_success_count":1,"mcp_failure_count":0,"mcp_tool_usage":"splunk_run_query","tool_name":"splunk_run_query","duration_ms":5232.48,"average_investigation_time":5232.48,"status":"success","sourcetype":"aiops-mcp-metrics"}
{"timestamp":"2026-06-14T02:50:03Z","mcp_query_count":1,"mcp_success_count":1,"mcp_failure_count":0,"mcp_tool_usage":"splunk_run_query","tool_name":"splunk_run_query","duration_ms":6240.5,"average_investigation_time":6240.5,"status":"success","sourcetype":"aiops-mcp-metrics"}
{"timestamp":"2026-06-14T02:50:10Z","mcp_query_count":1,"mcp_success_count":1,"mcp_failure_count":0,"mcp_tool_usage":"splunk_run_query","tool_name":"splunk_run_query","duration_ms":6953.51,"average_investigation_time":6953.51,"status":"success","sourcetype":"aiops-mcp-metrics"}
{"timestamp":"2026-06-14T02:50:27Z","mcp_query_count":1,"mcp_success_count":1,"mcp_failure_count":0,"mcp_tool_usage":"splunk_run_query","tool_name":"splunk_run_query","duration_ms":5662.88,"average_investigation_time":5662.88,"status":"success","sourcetype":"aiops-mcp-metrics"}
{"timestamp":"2026-06-14T02:50:35Z","mcp_query_count":1,"mcp_success_count":0,"mcp_failure_count":1,"mcp_tool_usage":"splunk_run_query","tool_name":"splunk_run_query","duration_ms":8059.13,"average_investigation_time":8059.13,"status":"failure","error":"","sourcetype":"aiops-mcp-metrics"}
{"timestamp":"2026-06-14T02:50:43Z","mcp_query_count":1,"mcp_success_count":0,"mcp_failure_count":1,"mcp_tool_usage":"splunk_run_query","tool_name":"splunk_run_query","duration_ms":8111.65,"average_investigation_time":8111.65,"status":"failure","error":"","sourcetype":"aiops-mcp-metrics"}
{"timestamp":"2026-06-14T02:50:49Z","mcp_query_count":1,"mcp_success_count":0,"mcp_failure_count":1,"mcp_tool_usage":"splunk_run_query","tool_name":"splunk_run_query","duration_ms":8200.71,"average_investigation_time":8200.71,"status":"failure","error":"","sourcetype":"aiops-mcp-metrics"}
{"timestamp":"2026-06-14T02:50:57Z","mcp_query_count":1,"mcp_success_count":0,"mcp_failure_count":1,"mcp_tool_usage":"splunk_run_query","tool_name":"splunk_run_query","duration_ms":8066.52,"average_investigation_time":8066.52,"status":"failure","error":"","sourcetype":"aiops-mcp-metrics"}
{"timestamp":"2026-06-14T02:51:05Z","mcp_query_count":1,"mcp_success_count":0,"mcp_failure_count":1,"mcp_tool_usage":"splunk_run_query","tool_name":"splunk_run_query","duration_ms":8076.61,"average_investigation_time":8076.61,"status":"failure","error":"","sourcetype":"aiops-mcp-metrics"}
{"timestamp":"2026-06-14T02:53:14Z","mcp_query_count":1,"mcp_success_count":1,"mcp_failure_count":0,"mcp_tool_usage":"splunk_run_query","tool_name":"splunk_run_query","duration_ms":4563.57,"average_investigation_time":4563.57,"status":"success","sourcetype":"aiops-mcp-metrics"}
{"timestamp":"2026-06-14T02:53:18Z","mcp_query_count":1,"mcp_success_count":1,"mcp_failure_count":0,"mcp_tool_usage":"splunk_run_query","tool_name":"splunk_run_query","duration_ms":3695.99,"average_investigation_time":3695.99,"status":"success","sourcetype":"aiops-mcp-metrics"}
{"timestamp":"2026-06-14T02:53:23Z","mcp_query_count":1,"mcp_success_count":1,"mcp_failure_count":0,"mcp_tool_usage":"splunk_run_query","tool_name":"splunk_run_query","duration_ms":4443.53,"average_investigation_time":4443.53,"status":"success","sourcetype":"aiops-mcp-metrics"}
{"timestamp":"2026-06-14T02:53:25Z","mcp_query_count":1,"mcp_success_count":1,"mcp_failure_count":0,"mcp_tool_usage":"splunk_run_query","tool_name":"splunk_run_query","duration_ms":5109.96,"average_investigation_time":5109.96,"status":"success","sourcetype":"aiops-mcp-metrics"}
{"timestamp":"2026-06-14T02:53:28Z","mcp_query_count":1,"mcp_success_count":1,"mcp_failure_count":0,"mcp_tool_usage":"splunk_run_query","tool_name":"splunk_run_query","duration_ms":5468.31,"average_investigation_time":5468.31,"status":"success","sourcetype":"aiops-mcp-metrics"}
{"timestamp":"2026-06-14T02:53:30Z","mcp_query_count":1,"mcp_success_count":1,"mcp_failure_count":0,"mcp_tool_usage":"splunk_run_query","tool_name":"splunk_run_query","duration_ms":5553.61,"average_investigation_time":5553.61,"status":"success","sourcetype":"aiops-mcp-metrics"}
{"timestamp":"2026-06-14T02:53:32Z","mcp_query_count":1,"mcp_success_count":0,"mcp_failure_count":1,"mcp_tool_usage":"splunk_run_query","tool_name":"splunk_run_query","duration_ms":8081.0,"average_investigation_time":8081.0,"status":"failure","error":"","sourcetype":"aiops-mcp-metrics"}
{"timestamp":"2026-06-14T02:53:37Z","mcp_query_count":1,"mcp_success_count":1,"mcp_failure_count":0,"mcp_tool_usage":"splunk_run_query","tool_name":"splunk_run_query","duration_ms":6689.46,"average_investigation_time":6689.46,"status":"success","sourcetype":"aiops-mcp-metrics"}
{"timestamp":"2026-06-14T02:53:38Z","mcp_query_count":1,"mcp_success_count":1,"mcp_failure_count":0,"mcp_tool_usage":"splunk_run_query","tool_name":"splunk_run_query","duration_ms":5771.46,"average_investigation_time":5771.46,"status":"success","sourcetype":"aiops-mcp-metrics"}
{"timestamp":"2026-06-14T02:53:42Z","mcp_query_count":1,"mcp_success_count":1,"mcp_failure_count":0,"mcp_tool_usage":"splunk_run_query","tool_name":"splunk_run_query","duration_ms":4985.7,"average_investigation_time":4985.7,"status":"success","sourcetype":"aiops-mcp-metrics"}
{"timestamp":"2026-06-14T02:53:45Z","mcp_query_count":1,"mcp_success_count":1,"mcp_failure_count":0,"mcp_tool_usage":"splunk_run_query","tool_name":"splunk_run_query","duration_ms":6795.85,"average_investigation_time":6795.85,"status":"success","sourcetype":"aiops-mcp-metrics"}
{"timestamp":"2026-06-14T02:53:53Z","mcp_query_count":1,"mcp_success_count":0,"mcp_failure_count":1,"mcp_tool_usage":"splunk_run_query","tool_name":"splunk_run_query","duration_ms":8027.8,"average_investigation_time":8027.8,"status":"failure","error":"","sourcetype":"aiops-mcp-metrics"}
{"timestamp":"2026-06-14T02:54:04Z","mcp_query_count":1,"mcp_success_count":0,"mcp_failure_count":1,"mcp_tool_usage":"splunk_run_query","tool_name":"splunk_run_query","duration_ms":8118.26,"average_investigation_time":8118.26,"status":"failure","error":"","sourcetype":"aiops-mcp-metrics"}
{"timestamp":"2026-06-14T02:54:10Z","mcp_query_count":1,"mcp_success_count":0,"mcp_failure_count":1,"mcp_tool_usage":"splunk_run_query","tool_name":"splunk_run_query","duration_ms":8055.83,"average_investigation_time":8055.83,"status":"failure","error":"","sourcetype":"aiops-mcp-metrics"}
{"timestamp":"2026-06-14T02:54:12Z","mcp_query_count":1,"mcp_success_count":0,"mcp_failure_count":1,"mcp_tool_usage":"splunk_run_query","tool_name":"splunk_run_query","duration_ms":8104.64,"average_investigation_time":8104.64,"status":"failure","error":"","sourcetype":"aiops-mcp-metrics"}
{"timestamp":"2026-06-14T02:54:18Z","mcp_query_count":1,"mcp_success_count":0,"mcp_failure_count":1,"mcp_tool_usage":"splunk_run_query","tool_name":"splunk_run_query","duration_ms":8034.57,"average_investigation_time":8034.57,"status":"failure","error":"","sourcetype":"aiops-mcp-metrics"}
{"timestamp":"2026-06-14T02:54:20Z","mcp_query_count":1,"mcp_success_count":0,"mcp_failure_count":1,"mcp_tool_usage":"splunk_run_query","tool_name":"splunk_run_query","duration_ms":8096.28,"average_investigation_time":8096.28,"status":"failure","error":"","sourcetype":"aiops-mcp-metrics"}
{"timestamp":"2026-06-14T02:54:26Z","mcp_query_count":1,"mcp_success_count":0,"mcp_failure_count":1,"mcp_tool_usage":"splunk_run_query","tool_name":"splunk_run_query","duration_ms":8056.73,"average_investigation_time":8056.73,"status":"failure","error":"","sourcetype":"aiops-mcp-metrics"}
{"timestamp":"2026-06-14T02:55:03Z","mcp_query_count":1,"mcp_success_count":0,"mcp_failure_count":1,"mcp_tool_usage":"splunk_run_query","tool_name":"splunk_run_query","duration_ms":8026.95,"average_investigation_time":8026.95,"status":"failure","error":"","sourcetype":"aiops-mcp-metrics"}
{"timestamp":"2026-06-14T02:55:12Z","mcp_query_count":1,"mcp_success_count":0,"mcp_failure_count":1,"mcp_tool_usage":"splunk_run_query","tool_name":"splunk_run_query","duration_ms":8244.02,"average_investigation_time":8244.02,"status":"failure","error":"","sourcetype":"aiops-mcp-metrics"}
{"timestamp":"2026-06-14T02:55:12Z","mcp_query_count":1,"mcp_success_count":0,"mcp_failure_count":1,"mcp_tool_usage":"splunk_run_query","tool_name":"splunk_run_query","duration_ms":8181.63,"average_investigation_time":8181.63,"status":"failure","error":"","sourcetype":"aiops-mcp-metrics"}
{"timestamp":"2026-06-14T02:55:20Z","mcp_query_count":1,"mcp_success_count":0,"mcp_failure_count":1,"mcp_tool_usage":"splunk_run_query","tool_name":"splunk_run_query","duration_ms":8094.94,"average_investigation_time":8094.94,"status":"failure","error":"","sourcetype":"aiops-mcp-metrics"}
{"timestamp":"2026-06-14T02:55:21Z","mcp_query_count":1,"mcp_success_count":0,"mcp_failure_count":1,"mcp_tool_usage":"splunk_run_query","tool_name":"splunk_run_query","duration_ms":8917.55,"average_investigation_time":8917.55,"status":"failure","error":"","sourcetype":"aiops-mcp-metrics"}
{"timestamp":"2026-06-14T02:55:29Z","mcp_query_count":1,"mcp_success_count":0,"mcp_failure_count":1,"mcp_tool_usage":"splunk_run_query","tool_name":"splunk_run_query","duration_ms":8062.04,"average_investigation_time":8062.04,"status":"failure","error":"","sourcetype":"aiops-mcp-metrics"}
{"timestamp":"2026-06-14T02:55:40Z","mcp_query_count":1,"mcp_success_count":0,"mcp_failure_count":1,"mcp_tool_usage":"splunk_run_query","tool_name":"splunk_run_query","duration_ms":8068.82,"average_investigation_time":8068.82,"status":"failure","error":"","sourcetype":"aiops-mcp-metrics"}
{"timestamp":"2026-06-14T02:55:48Z","mcp_query_count":1,"mcp_success_count":0,"mcp_failure_count":1,"mcp_tool_usage":"splunk_run_query","tool_name":"splunk_run_query","duration_ms":8088.32,"average_investigation_time":8088.32,"status":"failure","error":"","sourcetype":"aiops-mcp-metrics"}
{"timestamp":"2026-06-14T02:55:56Z","mcp_query_count":1,"mcp_success_count":0,"mcp_failure_count":1,"mcp_tool_usage":"splunk_run_query","tool_name":"splunk_run_query","duration_ms":8041.21,"average_investigation_time":8041.21,"status":"failure","error":"","sourcetype":"aiops-mcp-metrics"}
{"timestamp":"2026-06-14T02:56:01Z","mcp_query_count":1,"mcp_success_count":0,"mcp_failure_count":1,"mcp_tool_usage":"splunk_run_query","tool_name":"splunk_run_query","duration_ms":8130.62,"average_investigation_time":8130.62,"status":"failure","error":"","sourcetype":"aiops-mcp-metrics"}
{"timestamp":"2026-06-14T02:56:09Z","mcp_query_count":1,"mcp_success_count":0,"mcp_failure_count":1,"mcp_tool_usage":"splunk_run_query","tool_name":"splunk_run_query","duration_ms":8065.12,"average_investigation_time":8065.12,"status":"failure","error":"","sourcetype":"aiops-mcp-metrics"}
{"timestamp":"2026-06-14T02:56:11Z","mcp_query_count":1,"mcp_success_count":0,"mcp_failure_count":1,"mcp_tool_usage":"splunk_run_query","tool_name":"splunk_run_query","duration_ms":8083.45,"average_investigation_time":8083.45,"status":"failure","error":"","sourcetype":"aiops-mcp-metrics"}
{"timestamp":"2026-06-14T02:56:17Z","mcp_query_count":1,"mcp_success_count":0,"mcp_failure_count":1,"mcp_tool_usage":"splunk_run_query","tool_name":"splunk_run_query","duration_ms":8187.11,"average_investigation_time":8187.11,"status":"failure","error":"","sourcetype":"aiops-mcp-metrics"}
{"timestamp":"2026-06-14T02:56:17Z","mcp_query_count":1,"mcp_success_count":0,"mcp_failure_count":1,"mcp_tool_usage":"splunk_run_query","tool_name":"splunk_run_query","duration_ms":8100.86,"average_investigation_time":8100.86,"status":"failure","error":"","sourcetype":"aiops-mcp-metrics"}
{"timestamp":"2026-06-14T02:56:19Z","mcp_query_count":1,"mcp_success_count":0,"mcp_failure_count":1,"mcp_tool_usage":"splunk_run_query","tool_name":"splunk_run_query","duration_ms":8154.71,"average_investigation_time":8154.71,"status":"failure","error":"","sourcetype":"aiops-mcp-metrics"}
{"timestamp":"2026-06-14T02:56:25Z","mcp_query_count":1,"mcp_success_count":0,"mcp_failure_count":1,"mcp_tool_usage":"splunk_run_query","tool_name":"splunk_run_query","duration_ms":8036.09,"average_investigation_time":8036.09,"status":"failure","error":"","sourcetype":"aiops-mcp-metrics"}
{"timestamp":"2026-06-14T02:56:27Z","mcp_query_count":1,"mcp_success_count":0,"mcp_failure_count":1,"mcp_tool_usage":"splunk_run_query","tool_name":"splunk_run_query","duration_ms":8057.53,"average_investigation_time":8057.53,"status":"failure","error":"","sourcetype":"aiops-mcp-metrics"}
{"timestamp":"2026-06-14T02:56:33Z","mcp_query_count":1,"mcp_success_count":0,"mcp_failure_count":1,"mcp_tool_usage":"splunk_run_query","tool_name":"splunk_run_query","duration_ms":8114.2,"average_investigation_time":8114.2,"status":"failure","error":"","sourcetype":"aiops-mcp-metrics"}
{"timestamp":"2026-06-14T02:56:38Z","mcp_query_count":1,"mcp_success_count":0,"mcp_failure_count":1,"mcp_tool_usage":"splunk_run_query","tool_name":"splunk_run_query","duration_ms":8048.9,"average_investigation_time":8048.9,"status":"failure","error":"","sourcetype":"aiops-mcp-metrics"}
{"timestamp":"2026-06-14T02:56:46Z","mcp_query_count":1,"mcp_success_count":0,"mcp_failure_count":1,"mcp_tool_usage":"splunk_run_query","tool_name":"splunk_run_query","duration_ms":8039.46,"average_investigation_time":8039.46,"status":"failure","error":"","sourcetype":"aiops-mcp-metrics"}
{"timestamp":"2026-06-14T02:56:46Z","mcp_query_count":1,"mcp_success_count":0,"mcp_failure_count":1,"mcp_tool_usage":"splunk_run_query","tool_name":"splunk_run_query","duration_ms":8136.11,"average_investigation_time":8136.11,"status":"failure","error":"","sourcetype":"aiops-mcp-metrics"}
{"timestamp":"2026-06-14T02:56:54Z","mcp_query_count":1,"mcp_success_count":0,"mcp_failure_count":1,"mcp_tool_usage":"splunk_run_query","tool_name":"splunk_run_query","duration_ms":8042.48,"average_investigation_time":8042.48,"status":"failure","error":"","sourcetype":"aiops-mcp-metrics"}
{"timestamp":"2026-06-14T02:56:54Z","mcp_query_count":1,"mcp_success_count":0,"mcp_failure_count":1,"mcp_tool_usage":"splunk_run_query","tool_name":"splunk_run_query","duration_ms":8102.33,"average_investigation_time":8102.33,"status":"failure","error":"","sourcetype":"aiops-mcp-metrics"}
{"timestamp":"2026-06-14T02:57:00Z","mcp_query_count":1,"mcp_success_count":0,"mcp_failure_count":1,"mcp_tool_usage":"splunk_run_query","tool_name":"splunk_run_query","duration_ms":8123.94,"average_investigation_time":8123.94,"status":"failure","error":"","sourcetype":"aiops-mcp-metrics"}
{"timestamp":"2026-06-14T02:57:02Z","mcp_query_count":1,"mcp_success_count":0,"mcp_failure_count":1,"mcp_tool_usage":"splunk_run_query","tool_name":"splunk_run_query","duration_ms":8464.36,"average_investigation_time":8464.36,"status":"failure","error":"","sourcetype":"aiops-mcp-metrics"}
{"timestamp":"2026-06-14T02:57:08Z","mcp_query_count":1,"mcp_success_count":0,"mcp_failure_count":1,"mcp_tool_usage":"splunk_run_query","tool_name":"splunk_run_query","duration_ms":8145.5,"average_investigation_time":8145.5,"status":"failure","error":"","sourcetype":"aiops-mcp-metrics"}
{"timestamp":"2026-06-14T02:57:16Z","mcp_query_count":1,"mcp_success_count":0,"mcp_failure_count":1,"mcp_tool_usage":"splunk_run_query","tool_name":"splunk_run_query","duration_ms":8073.4,"average_investigation_time":8073.4,"status":"failure","error":"","sourcetype":"aiops-mcp-metrics"}
{"timestamp":"2026-06-14T02:58:35Z","mcp_query_count":1,"mcp_success_count":1,"mcp_failure_count":0,"mcp_tool_usage":"splunk_run_query","tool_name":"splunk_run_query","duration_ms":4979.09,"average_investigation_time":4979.09,"status":"success","sourcetype":"aiops-mcp-metrics"}
{"timestamp":"2026-06-14T02:58:39Z","mcp_query_count":1,"mcp_success_count":1,"mcp_failure_count":0,"mcp_tool_usage":"splunk_run_query","tool_name":"splunk_run_query","duration_ms":3698.83,"average_investigation_time":3698.83,"status":"success","sourcetype":"aiops-mcp-metrics"}
{"timestamp":"2026-06-14T02:58:42Z","mcp_query_count":1,"mcp_success_count":1,"mcp_failure_count":0,"mcp_tool_usage":"splunk_run_query","tool_name":"splunk_run_query","duration_ms":3674.22,"average_investigation_time":3674.22,"status":"success","sourcetype":"aiops-mcp-metrics"}
{"timestamp":"2026-06-14T02:58:46Z","mcp_query_count":1,"mcp_success_count":1,"mcp_failure_count":0,"mcp_tool_usage":"splunk_run_query","tool_name":"splunk_run_query","duration_ms":4196.1,"average_investigation_time":4196.1,"status":"success","sourcetype":"aiops-mcp-metrics"}
{"timestamp":"2026-06-14T02:59:28Z","mcp_query_count":1,"mcp_success_count":1,"mcp_failure_count":0,"mcp_tool_usage":"splunk_run_query","tool_name":"splunk_run_query","duration_ms":3256.95,"average_investigation_time":3256.95,"status":"success","sourcetype":"aiops-mcp-metrics"}
{"timestamp":"2026-06-14T02:59:32Z","mcp_query_count":1,"mcp_success_count":1,"mcp_failure_count":0,"mcp_tool_usage":"splunk_run_query","tool_name":"splunk_run_query","duration_ms":4314.39,"average_investigation_time":4314.39,"status":"success","sourcetype":"aiops-mcp-metrics"}
{"timestamp":"2026-06-14T02:59:33Z","mcp_query_count":1,"mcp_success_count":1,"mcp_failure_count":0,"mcp_tool_usage":"splunk_run_query","tool_name":"splunk_run_query","duration_ms":3911.01,"average_investigation_time":3911.01,"status":"success","sourcetype":"aiops-mcp-metrics"}
{"timestamp":"2026-06-14T02:59:37Z","mcp_query_count":1,"mcp_success_count":1,"mcp_failure_count":0,"mcp_tool_usage":"splunk_run_query","tool_name":"splunk_run_query","duration_ms":4387.6,"average_investigation_time":4387.6,"status":"success","sourcetype":"aiops-mcp-metrics"}
{"timestamp":"2026-06-14T02:59:37Z","mcp_query_count":1,"mcp_success_count":1,"mcp_failure_count":0,"mcp_tool_usage":"splunk_run_query","tool_name":"splunk_run_query","duration_ms":5263.77,"average_investigation_time":5263.77,"status":"success","sourcetype":"aiops-mcp-metrics"}
{"timestamp":"2026-06-14T02:59:41Z","mcp_query_count":1,"mcp_success_count":1,"mcp_failure_count":0,"mcp_tool_usage":"splunk_run_query","tool_name":"splunk_run_query","duration_ms":4246.32,"average_investigation_time":4246.32,"status":"success","sourcetype":"aiops-mcp-metrics"}
{"timestamp":"2026-06-14T02:59:42Z","mcp_query_count":1,"mcp_success_count":1,"mcp_failure_count":0,"mcp_tool_usage":"splunk_run_query","tool_name":"splunk_run_query","duration_ms":4838.62,"average_investigation_time":4838.62,"status":"success","sourcetype":"aiops-mcp-metrics"}
{"timestamp":"2026-06-14T02:59:47Z","mcp_query_count":1,"mcp_success_count":1,"mcp_failure_count":0,"mcp_tool_usage":"splunk_run_query","tool_name":"splunk_run_query","duration_ms":4756.29,"average_investigation_time":4756.29,"status":"success","sourcetype":"aiops-mcp-metrics"}
{"timestamp":"2026-06-14T03:00:15Z","mcp_query_count":1,"mcp_success_count":1,"mcp_failure_count":0,"mcp_tool_usage":"splunk_run_query","tool_name":"splunk_run_query","duration_ms":4597.35,"average_investigation_time":4597.35,"status":"success","sourcetype":"aiops-mcp-metrics"}
{"timestamp":"2026-06-14T03:00:17Z","mcp_query_count":1,"mcp_success_count":1,"mcp_failure_count":0,"mcp_tool_usage":"splunk_run_query","tool_name":"splunk_run_query","duration_ms":2648.05,"average_investigation_time":2648.05,"status":"success","sourcetype":"aiops-mcp-metrics"}
{"timestamp":"2026-06-14T03:00:21Z","mcp_query_count":1,"mcp_success_count":1,"mcp_failure_count":0,"mcp_tool_usage":"splunk_run_query","tool_name":"splunk_run_query","duration_ms":3736.06,"average_investigation_time":3736.06,"status":"success","sourcetype":"aiops-mcp-metrics"}
{"timestamp":"2026-06-14T03:00:24Z","mcp_query_count":1,"mcp_success_count":1,"mcp_failure_count":0,"mcp_tool_usage":"splunk_run_query","tool_name":"splunk_run_query","duration_ms":3155.95,"average_investigation_time":3155.95,"status":"success","sourcetype":"aiops-mcp-metrics"}
{"timestamp":"2026-06-14T03:01:18Z","mcp_query_count":1,"mcp_success_count":1,"mcp_failure_count":0,"mcp_tool_usage":"splunk_run_query","tool_name":"splunk_run_query","duration_ms":3262.75,"average_investigation_time":3262.75,"status":"success","sourcetype":"aiops-mcp-metrics"}
{"timestamp":"2026-06-14T03:01:21Z","mcp_query_count":1,"mcp_success_count":1,"mcp_failure_count":0,"mcp_tool_usage":"splunk_run_query","tool_name":"splunk_run_query","duration_ms":3176.65,"average_investigation_time":3176.65,"status":"success","sourcetype":"aiops-mcp-metrics"}
{"timestamp":"2026-06-14T03:01:25Z","mcp_query_count":1,"mcp_success_count":1,"mcp_failure_count":0,"mcp_tool_usage":"splunk_run_query","tool_name":"splunk_run_query","duration_ms":3736.21,"average_investigation_time":3736.21,"status":"success","sourcetype":"aiops-mcp-metrics"}
{"timestamp":"2026-06-14T03:01:28Z","mcp_query_count":1,"mcp_success_count":1,"mcp_failure_count":0,"mcp_tool_usage":"splunk_run_query","tool_name":"splunk_run_query","duration_ms":3231.77,"average_investigation_time":3231.77,"status":"success","sourcetype":"aiops-mcp-metrics"}
{"timestamp":"2026-06-14T03:01:34Z","mcp_query_count":1,"mcp_success_count":1,"mcp_failure_count":0,"mcp_tool_usage":"splunk_run_query","tool_name":"splunk_run_query","duration_ms":5222.67,"average_investigation_time":5222.67,"status":"success","sourcetype":"aiops-mcp-metrics"}
{"timestamp":"2026-06-14T03:01:40Z","mcp_query_count":1,"mcp_success_count":1,"mcp_failure_count":0,"mcp_tool_usage":"splunk_run_query","tool_name":"splunk_run_query","duration_ms":5833.15,"average_investigation_time":5833.15,"status":"success","sourcetype":"aiops-mcp-metrics"}
{"timestamp":"2026-06-14T03:01:47Z","mcp_query_count":1,"mcp_success_count":1,"mcp_failure_count":0,"mcp_tool_usage":"splunk_run_query","tool_name":"splunk_run_query","duration_ms":7355.47,"average_investigation_time":7355.47,"status":"success","sourcetype":"aiops-mcp-metrics"}
{"timestamp":"2026-06-14T03:01:55Z","mcp_query_count":1,"mcp_success_count":0,"mcp_failure_count":1,"mcp_tool_usage":"splunk_run_query","tool_name":"splunk_run_query","duration_ms":8040.24,"average_investigation_time":8040.24,"status":"failure","error":"","sourcetype":"aiops-mcp-metrics"}
{"timestamp":"2026-06-14T03:02:10Z","mcp_query_count":1,"mcp_success_count":0,"mcp_failure_count":1,"mcp_tool_usage":"splunk_run_query","tool_name":"splunk_run_query","duration_ms":8062.01,"average_investigation_time":8062.01,"status":"failure","error":"","sourcetype":"aiops-mcp-metrics"}
{"timestamp":"2026-06-14T03:02:18Z","mcp_query_count":1,"mcp_success_count":0,"mcp_failure_count":1,"mcp_tool_usage":"splunk_run_query","tool_name":"splunk_run_query","duration_ms":8057.55,"average_investigation_time":8057.55,"status":"failure","error":"","sourcetype":"aiops-mcp-metrics"}
{"timestamp":"2026-06-14T03:02:26Z","mcp_query_count":1,"mcp_success_count":0,"mcp_failure_count":1,"mcp_tool_usage":"splunk_run_query","tool_name":"splunk_run_query","duration_ms":8089.54,"average_investigation_time":8089.54,"status":"failure","error":"","sourcetype":"aiops-mcp-metrics"}
{"timestamp":"2026-06-14T03:02:41Z","mcp_query_count":1,"mcp_success_count":0,"mcp_failure_count":1,"mcp_tool_usage":"splunk_run_query","tool_name":"splunk_run_query","duration_ms":8138.68,"average_investigation_time":8138.68,"status":"failure","error":"","sourcetype":"aiops-mcp-metrics"}
{"timestamp":"2026-06-14T03:02:41Z","mcp_query_count":1,"mcp_success_count":0,"mcp_failure_count":1,"mcp_tool_usage":"splunk_run_query","tool_name":"splunk_run_query","duration_ms":8254.73,"average_investigation_time":8254.73,"status":"failure","error":"","sourcetype":"aiops-mcp-metrics"}
{"timestamp":"2026-06-14T03:02:49Z","mcp_query_count":1,"mcp_success_count":0,"mcp_failure_count":1,"mcp_tool_usage":"splunk_run_query","tool_name":"splunk_run_query","duration_ms":8061.63,"average_investigation_time":8061.63,"status":"failure","error":"","sourcetype":"aiops-mcp-metrics"}
{"timestamp":"2026-06-14T03:02:50Z","mcp_query_count":1,"mcp_success_count":0,"mcp_failure_count":1,"mcp_tool_usage":"splunk_run_query","tool_name":"splunk_run_query","duration_ms":8072.85,"average_investigation_time":8072.85,"status":"failure","error":"","sourcetype":"aiops-mcp-metrics"}
{"timestamp":"2026-06-14T03:02:57Z","mcp_query_count":1,"mcp_success_count":0,"mcp_failure_count":1,"mcp_tool_usage":"splunk_run_query","tool_name":"splunk_run_query","duration_ms":8124.96,"average_investigation_time":8124.96,"status":"failure","error":"","sourcetype":"aiops-mcp-metrics"}
{"timestamp":"2026-06-14T03:02:58Z","mcp_query_count":1,"mcp_success_count":0,"mcp_failure_count":1,"mcp_tool_usage":"splunk_run_query","tool_name":"splunk_run_query","duration_ms":8204.49,"average_investigation_time":8204.49,"status":"failure","error":"","sourcetype":"aiops-mcp-metrics"}
{"timestamp":"2026-06-14T03:03:41Z","mcp_query_count":1,"mcp_success_count":0,"mcp_failure_count":1,"mcp_tool_usage":"splunk_run_query","tool_name":"splunk_run_query","duration_ms":8077.69,"average_investigation_time":8077.69,"status":"failure","error":"","sourcetype":"aiops-mcp-metrics"}
{"timestamp":"2026-06-14T03:03:50Z","mcp_query_count":1,"mcp_success_count":0,"mcp_failure_count":1,"mcp_tool_usage":"splunk_run_query","tool_name":"splunk_run_query","duration_ms":8114.52,"average_investigation_time":8114.52,"status":"failure","error":"","sourcetype":"aiops-mcp-metrics"}
{"timestamp":"2026-06-14T03:03:58Z","mcp_query_count":1,"mcp_success_count":0,"mcp_failure_count":1,"mcp_tool_usage":"splunk_run_query","tool_name":"splunk_run_query","duration_ms":8099.34,"average_investigation_time":8099.34,"status":"failure","error":"","sourcetype":"aiops-mcp-metrics"}
{"timestamp":"2026-06-14T03:04:37Z","mcp_query_count":1,"mcp_success_count":0,"mcp_failure_count":1,"mcp_tool_usage":"splunk_run_query","tool_name":"splunk_run_query","duration_ms":8060.24,"average_investigation_time":8060.24,"status":"failure","error":"","sourcetype":"aiops-mcp-metrics"}
{"timestamp":"2026-06-14T03:04:45Z","mcp_query_count":1,"mcp_success_count":0,"mcp_failure_count":1,"mcp_tool_usage":"splunk_run_query","tool_name":"splunk_run_query","duration_ms":8147.07,"average_investigation_time":8147.07,"status":"failure","error":"","sourcetype":"aiops-mcp-metrics"}
{"timestamp":"2026-06-14T03:04:53Z","mcp_query_count":1,"mcp_success_count":0,"mcp_failure_count":1,"mcp_tool_usage":"splunk_run_query","tool_name":"splunk_run_query","duration_ms":8138.8,"average_investigation_time":8138.8,"status":"failure","error":"","sourcetype":"aiops-mcp-metrics"}
{"timestamp":"2026-06-14T03:05:05Z","mcp_query_count":1,"mcp_success_count":0,"mcp_failure_count":1,"mcp_tool_usage":"splunk_run_query","tool_name":"splunk_run_query","duration_ms":8080.05,"average_investigation_time":8080.05,"status":"failure","error":"","sourcetype":"aiops-mcp-metrics"}
{"timestamp":"2026-06-14T03:05:13Z","mcp_query_count":1,"mcp_success_count":0,"mcp_failure_count":1,"mcp_tool_usage":"splunk_run_query","tool_name":"splunk_run_query","duration_ms":8060.82,"average_investigation_time":8060.82,"status":"failure","error":"","sourcetype":"aiops-mcp-metrics"}
{"timestamp":"2026-06-14T03:05:21Z","mcp_query_count":1,"mcp_success_count":0,"mcp_failure_count":1,"mcp_tool_usage":"splunk_run_query","tool_name":"splunk_run_query","duration_ms":8140.06,"average_investigation_time":8140.06,"status":"failure","error":"","sourcetype":"aiops-mcp-metrics"}
{"timestamp":"2026-06-14T03:05:35Z","mcp_query_count":1,"mcp_success_count":0,"mcp_failure_count":1,"mcp_tool_usage":"splunk_run_query","tool_name":"splunk_run_query","duration_ms":8168.61,"average_investigation_time":8168.61,"status":"failure","error":"","sourcetype":"aiops-mcp-metrics"}
{"timestamp":"2026-06-14T03:05:43Z","mcp_query_count":1,"mcp_success_count":0,"mcp_failure_count":1,"mcp_tool_usage":"splunk_run_query","tool_name":"splunk_run_query","duration_ms":8166.13,"average_investigation_time":8166.13,"status":"failure","error":"","sourcetype":"aiops-mcp-metrics"}
{"timestamp":"2026-06-14T03:05:51Z","mcp_query_count":1,"mcp_success_count":0,"mcp_failure_count":1,"mcp_tool_usage":"splunk_run_query","tool_name":"splunk_run_query","duration_ms":8109.89,"average_investigation_time":8109.89,"status":"failure","error":"","sourcetype":"aiops-mcp-metrics"}
{"timestamp":"2026-06-14T03:06:36Z","mcp_query_count":1,"mcp_success_count":0,"mcp_failure_count":1,"mcp_tool_usage":"splunk_run_query","tool_name":"splunk_run_query","duration_ms":8228.88,"average_investigation_time":8228.88,"status":"failure","error":"","sourcetype":"aiops-mcp-metrics"}
{"timestamp":"2026-06-14T03:06:44Z","mcp_query_count":1,"mcp_success_count":0,"mcp_failure_count":1,"mcp_tool_usage":"splunk_run_query","tool_name":"splunk_run_query","duration_ms":8080.43,"average_investigation_time":8080.43,"status":"failure","error":"","sourcetype":"aiops-mcp-metrics"}
{"timestamp":"2026-06-14T03:06:46Z","mcp_query_count":1,"mcp_success_count":0,"mcp_failure_count":1,"mcp_tool_usage":"splunk_run_query","tool_name":"splunk_run_query","duration_ms":8095.62,"average_investigation_time":8095.62,"status":"failure","error":"","sourcetype":"aiops-mcp-metrics"}
{"timestamp":"2026-06-14T03:06:52Z","mcp_query_count":1,"mcp_success_count":0,"mcp_failure_count":1,"mcp_tool_usage":"splunk_run_query","tool_name":"splunk_run_query","duration_ms":8050.39,"average_investigation_time":8050.39,"status":"failure","error":"","sourcetype":"aiops-mcp-metrics"}
{"timestamp":"2026-06-14T03:06:54Z","mcp_query_count":1,"mcp_success_count":0,"mcp_failure_count":1,"mcp_tool_usage":"splunk_run_query","tool_name":"splunk_run_query","duration_ms":8429.14,"average_investigation_time":8429.14,"status":"failure","error":"","sourcetype":"aiops-mcp-metrics"}
{"timestamp":"2026-06-14T03:06:57Z","mcp_query_count":1,"mcp_success_count":0,"mcp_failure_count":1,"mcp_tool_usage":"splunk_run_query","tool_name":"splunk_run_query","duration_ms":8119.95,"average_investigation_time":8119.95,"status":"failure","error":"","sourcetype":"aiops-mcp-metrics"}
{"timestamp":"2026-06-14T03:07:02Z","mcp_query_count":1,"mcp_success_count":0,"mcp_failure_count":1,"mcp_tool_usage":"splunk_run_query","tool_name":"splunk_run_query","duration_ms":8156.58,"average_investigation_time":8156.58,"status":"failure","error":"","sourcetype":"aiops-mcp-metrics"}
{"timestamp":"2026-06-14T03:07:05Z","mcp_query_count":1,"mcp_success_count":0,"mcp_failure_count":1,"mcp_tool_usage":"splunk_run_query","tool_name":"splunk_run_query","duration_ms":8108.28,"average_investigation_time":8108.28,"status":"failure","error":"","sourcetype":"aiops-mcp-metrics"}
{"timestamp":"2026-06-14T03:07:13Z","mcp_query_count":1,"mcp_success_count":0,"mcp_failure_count":1,"mcp_tool_usage":"splunk_run_query","tool_name":"splunk_run_query","duration_ms":8192.12,"average_investigation_time":8192.12,"status":"failure","error":"","sourcetype":"aiops-mcp-metrics"}
{"timestamp":"2026-06-14T03:07:26Z","mcp_query_count":1,"mcp_success_count":0,"mcp_failure_count":1,"mcp_tool_usage":"splunk_run_query","tool_name":"splunk_run_query","duration_ms":8133.28,"average_investigation_time":8133.28,"status":"failure","error":"","sourcetype":"aiops-mcp-metrics"}
{"timestamp":"2026-06-14T03:07:27Z","mcp_query_count":1,"mcp_success_count":0,"mcp_failure_count":1,"mcp_tool_usage":"splunk_run_query","tool_name":"splunk_run_query","duration_ms":8057.12,"average_investigation_time":8057.12,"status":"failure","error":"","sourcetype":"aiops-mcp-metrics"}
{"timestamp":"2026-06-14T03:07:34Z","mcp_query_count":1,"mcp_success_count":0,"mcp_failure_count":1,"mcp_tool_usage":"splunk_run_query","tool_name":"splunk_run_query","duration_ms":8074.1,"average_investigation_time":8074.1,"status":"failure","error":"","sourcetype":"aiops-mcp-metrics"}
{"timestamp":"2026-06-14T03:07:35Z","mcp_query_count":1,"mcp_success_count":0,"mcp_failure_count":1,"mcp_tool_usage":"splunk_run_query","tool_name":"splunk_run_query","duration_ms":8125.11,"average_investigation_time":8125.11,"status":"failure","error":"","sourcetype":"aiops-mcp-metrics"}
{"timestamp":"2026-06-14T03:07:42Z","mcp_query_count":1,"mcp_success_count":0,"mcp_failure_count":1,"mcp_tool_usage":"splunk_run_query","tool_name":"splunk_run_query","duration_ms":8035.27,"average_investigation_time":8035.27,"status":"failure","error":"","sourcetype":"aiops-mcp-metrics"}
{"timestamp":"2026-06-14T03:07:51Z","mcp_query_count":1,"mcp_success_count":0,"mcp_failure_count":1,"mcp_tool_usage":"splunk_run_query","tool_name":"splunk_run_query","duration_ms":8146.39,"average_investigation_time":8146.39,"status":"failure","error":"","sourcetype":"aiops-mcp-metrics"}
{"timestamp":"2026-06-14T03:07:59Z","mcp_query_count":1,"mcp_success_count":0,"mcp_failure_count":1,"mcp_tool_usage":"splunk_run_query","tool_name":"splunk_run_query","duration_ms":8059.35,"average_investigation_time":8059.35,"status":"failure","error":"","sourcetype":"aiops-mcp-metrics"}
{"timestamp":"2026-06-14T03:08:07Z","mcp_query_count":1,"mcp_success_count":0,"mcp_failure_count":1,"mcp_tool_usage":"splunk_run_query","tool_name":"splunk_run_query","duration_ms":8146.41,"average_investigation_time":8146.41,"status":"failure","error":"","sourcetype":"aiops-mcp-metrics"}
{"timestamp":"2026-06-14T03:08:51Z","mcp_query_count":1,"mcp_success_count":1,"mcp_failure_count":0,"mcp_tool_usage":"splunk_run_query","tool_name":"splunk_run_query","duration_ms":4888.86,"average_investigation_time":4888.86,"status":"success","sourcetype":"aiops-mcp-metrics"}
{"timestamp":"2026-06-14T03:08:59Z","mcp_query_count":1,"mcp_success_count":1,"mcp_failure_count":0,"mcp_tool_usage":"splunk_run_query","tool_name":"splunk_run_query","duration_ms":7890.99,"average_investigation_time":7890.99,"status":"success","sourcetype":"aiops-mcp-metrics"}
{"timestamp":"2026-06-14T03:09:05Z","mcp_query_count":1,"mcp_success_count":1,"mcp_failure_count":0,"mcp_tool_usage":"splunk_run_query","tool_name":"splunk_run_query","duration_ms":5415.41,"average_investigation_time":5415.41,"status":"success","sourcetype":"aiops-mcp-metrics"}
{"timestamp":"2026-06-14T03:09:08Z","mcp_query_count":1,"mcp_success_count":1,"mcp_failure_count":0,"mcp_tool_usage":"splunk_run_query","tool_name":"splunk_run_query","duration_ms":3169.44,"average_investigation_time":3169.44,"status":"success","sourcetype":"aiops-mcp-metrics"}
{"timestamp":"2026-06-14T03:10:22Z","mcp_query_count":1,"mcp_success_count":1,"mcp_failure_count":0,"mcp_tool_usage":"splunk_run_query","tool_name":"splunk_run_query","duration_ms":2969.67,"average_investigation_time":2969.67,"status":"success","sourcetype":"aiops-mcp-metrics"}
{"timestamp":"2026-06-14T03:10:26Z","mcp_query_count":1,"mcp_success_count":1,"mcp_failure_count":0,"mcp_tool_usage":"splunk_run_query","tool_name":"splunk_run_query","duration_ms":4247.62,"average_investigation_time":4247.62,"status":"success","sourcetype":"aiops-mcp-metrics"}
{"timestamp":"2026-06-14T03:10:28Z","mcp_query_count":1,"mcp_success_count":1,"mcp_failure_count":0,"mcp_tool_usage":"splunk_run_query","tool_name":"splunk_run_query","duration_ms":4163.5,"average_investigation_time":4163.5,"status":"success","sourcetype":"aiops-mcp-metrics"}
{"timestamp":"2026-06-14T03:10:34Z","mcp_query_count":1,"mcp_success_count":0,"mcp_failure_count":1,"mcp_tool_usage":"splunk_run_query","tool_name":"splunk_run_query","duration_ms":8141.16,"average_investigation_time":8141.16,"status":"failure","error":"","sourcetype":"aiops-mcp-metrics"}
{"timestamp":"2026-06-14T03:10:36Z","mcp_query_count":1,"mcp_success_count":0,"mcp_failure_count":1,"mcp_tool_usage":"splunk_run_query","tool_name":"splunk_run_query","duration_ms":8024.78,"average_investigation_time":8024.78,"status":"failure","error":"","sourcetype":"aiops-mcp-metrics"}
{"timestamp":"2026-06-14T03:10:42Z","mcp_query_count":1,"mcp_success_count":0,"mcp_failure_count":1,"mcp_tool_usage":"splunk_run_query","tool_name":"splunk_run_query","duration_ms":8123.87,"average_investigation_time":8123.87,"status":"failure","error":"","sourcetype":"aiops-mcp-metrics"}
{"timestamp":"2026-06-14T03:10:44Z","mcp_query_count":1,"mcp_success_count":0,"mcp_failure_count":1,"mcp_tool_usage":"splunk_run_query","tool_name":"splunk_run_query","duration_ms":8065.91,"average_investigation_time":8065.91,"status":"failure","error":"","sourcetype":"aiops-mcp-metrics"}
{"timestamp":"2026-06-14T03:11:03Z","mcp_query_count":1,"mcp_success_count":0,"mcp_failure_count":1,"mcp_tool_usage":"splunk_run_query","tool_name":"splunk_run_query","duration_ms":8053.24,"average_investigation_time":8053.24,"status":"failure","error":"","sourcetype":"aiops-mcp-metrics"}
{"timestamp":"2026-06-14T03:11:11Z","mcp_query_count":1,"mcp_success_count":0,"mcp_failure_count":1,"mcp_tool_usage":"splunk_run_query","tool_name":"splunk_run_query","duration_ms":8068.64,"average_investigation_time":8068.64,"status":"failure","error":"","sourcetype":"aiops-mcp-metrics"}
{"timestamp":"2026-06-14T03:11:18Z","mcp_query_count":1,"mcp_success_count":1,"mcp_failure_count":0,"mcp_tool_usage":"splunk_run_query","tool_name":"splunk_run_query","duration_ms":6971.32,"average_investigation_time":6971.32,"status":"success","sourcetype":"aiops-mcp-metrics"}
{"timestamp":"2026-06-14T03:13:01Z","mcp_query_count":1,"mcp_success_count":0,"mcp_failure_count":1,"mcp_tool_usage":"splunk_run_query","tool_name":"splunk_run_query","duration_ms":8105.15,"average_investigation_time":8105.15,"status":"failure","error":"","sourcetype":"aiops-mcp-metrics"}
{"timestamp":"2026-06-14T03:13:09Z","mcp_query_count":1,"mcp_success_count":0,"mcp_failure_count":1,"mcp_tool_usage":"splunk_run_query","tool_name":"splunk_run_query","duration_ms":8108.24,"average_investigation_time":8108.24,"status":"failure","error":"","sourcetype":"aiops-mcp-metrics"}
{"timestamp":"2026-06-14T03:13:16Z","mcp_query_count":1,"mcp_success_count":0,"mcp_failure_count":1,"mcp_tool_usage":"splunk_run_query","tool_name":"splunk_run_query","duration_ms":8028.42,"average_investigation_time":8028.42,"status":"failure","error":"","sourcetype":"aiops-mcp-metrics"}
{"timestamp":"2026-06-14T03:13:17Z","mcp_query_count":1,"mcp_success_count":0,"mcp_failure_count":1,"mcp_tool_usage":"splunk_run_query","tool_name":"splunk_run_query","duration_ms":8046.11,"average_investigation_time":8046.11,"status":"failure","error":"","sourcetype":"aiops-mcp-metrics"}
{"timestamp":"2026-06-14T03:13:20Z","mcp_query_count":1,"mcp_success_count":0,"mcp_failure_count":1,"mcp_tool_usage":"splunk_run_query","tool_name":"splunk_run_query","duration_ms":8131.46,"average_investigation_time":8131.46,"status":"failure","error":"","sourcetype":"aiops-mcp-metrics"}
{"timestamp":"2026-06-14T03:13:24Z","mcp_query_count":1,"mcp_success_count":0,"mcp_failure_count":1,"mcp_tool_usage":"splunk_run_query","tool_name":"splunk_run_query","duration_ms":8063.7,"average_investigation_time":8063.7,"status":"failure","error":"","sourcetype":"aiops-mcp-metrics"}
{"timestamp":"2026-06-14T03:13:28Z","mcp_query_count":1,"mcp_success_count":0,"mcp_failure_count":1,"mcp_tool_usage":"splunk_run_query","tool_name":"splunk_run_query","duration_ms":8060.43,"average_investigation_time":8060.43,"status":"failure","error":"","sourcetype":"aiops-mcp-metrics"}
{"timestamp":"2026-06-14T03:13:28Z","mcp_query_count":1,"mcp_success_count":1,"mcp_failure_count":0,"mcp_tool_usage":"splunk_run_query","tool_name":"splunk_run_query","duration_ms":7224.93,"average_investigation_time":7224.93,"status":"success","sourcetype":"aiops-mcp-metrics"}
{"timestamp":"2026-06-14T03:13:29Z","mcp_query_count":1,"mcp_success_count":1,"mcp_failure_count":0,"mcp_tool_usage":"splunk_run_query","tool_name":"splunk_run_query","duration_ms":5649.89,"average_investigation_time":5649.89,"status":"success","sourcetype":"aiops-mcp-metrics"}
{"timestamp":"2026-06-14T03:13:36Z","mcp_query_count":1,"mcp_success_count":1,"mcp_failure_count":0,"mcp_tool_usage":"splunk_run_query","tool_name":"splunk_run_query","duration_ms":7528.91,"average_investigation_time":7528.91,"status":"success","sourcetype":"aiops-mcp-metrics"}
{"timestamp":"2026-06-14T03:13:36Z","mcp_query_count":1,"mcp_success_count":1,"mcp_failure_count":0,"mcp_tool_usage":"splunk_run_query","tool_name":"splunk_run_query","duration_ms":7708.36,"average_investigation_time":7708.36,"status":"success","sourcetype":"aiops-mcp-metrics"}
{"timestamp":"2026-06-14T03:13:44Z","mcp_query_count":1,"mcp_success_count":0,"mcp_failure_count":1,"mcp_tool_usage":"splunk_run_query","tool_name":"splunk_run_query","duration_ms":8015.41,"average_investigation_time":8015.41,"status":"failure","error":"","sourcetype":"aiops-mcp-metrics"}
{"timestamp":"2026-06-14T03:13:52Z","mcp_query_count":1,"mcp_success_count":0,"mcp_failure_count":1,"mcp_tool_usage":"splunk_run_query","tool_name":"splunk_run_query","duration_ms":8060.66,"average_investigation_time":8060.66,"status":"failure","error":"","sourcetype":"aiops-mcp-metrics"}
{"timestamp":"2026-06-14T03:14:50Z","mcp_query_count":1,"mcp_success_count":1,"mcp_failure_count":0,"mcp_tool_usage":"splunk_run_query","tool_name":"splunk_run_query","duration_ms":3515.35,"average_investigation_time":3515.35,"status":"success","sourcetype":"aiops-mcp-metrics"}
{"timestamp":"2026-06-14T03:14:54Z","mcp_query_count":1,"mcp_success_count":1,"mcp_failure_count":0,"mcp_tool_usage":"splunk_run_query","tool_name":"splunk_run_query","duration_ms":4351.06,"average_investigation_time":4351.06,"status":"success","sourcetype":"aiops-mcp-metrics"}
{"timestamp":"2026-06-14T03:14:58Z","mcp_query_count":1,"mcp_success_count":1,"mcp_failure_count":0,"mcp_tool_usage":"splunk_run_query","tool_name":"splunk_run_query","duration_ms":3937.72,"average_investigation_time":3937.72,"status":"success","sourcetype":"aiops-mcp-metrics"}
{"timestamp":"2026-06-14T03:15:02Z","mcp_query_count":1,"mcp_success_count":1,"mcp_failure_count":0,"mcp_tool_usage":"splunk_run_query","tool_name":"splunk_run_query","duration_ms":3763.73,"average_investigation_time":3763.73,"status":"success","sourcetype":"aiops-mcp-metrics"}
{"timestamp":"2026-06-14T03:15:25Z","mcp_query_count":1,"mcp_success_count":1,"mcp_failure_count":0,"mcp_tool_usage":"splunk_run_query","tool_name":"splunk_run_query","duration_ms":3944.6,"average_investigation_time":3944.6,"status":"success","sourcetype":"aiops-mcp-metrics"}
{"timestamp":"2026-06-14T03:15:30Z","mcp_query_count":1,"mcp_success_count":1,"mcp_failure_count":0,"mcp_tool_usage":"splunk_run_query","tool_name":"splunk_run_query","duration_ms":5305.68,"average_investigation_time":5305.68,"status":"success","sourcetype":"aiops-mcp-metrics"}
{"timestamp":"2026-06-14T03:15:35Z","mcp_query_count":1,"mcp_success_count":1,"mcp_failure_count":0,"mcp_tool_usage":"splunk_run_query","tool_name":"splunk_run_query","duration_ms":4780.98,"average_investigation_time":4780.98,"status":"success","sourcetype":"aiops-mcp-metrics"}
{"timestamp":"2026-06-14T03:15:38Z","mcp_query_count":1,"mcp_success_count":1,"mcp_failure_count":0,"mcp_tool_usage":"splunk_run_query","tool_name":"splunk_run_query","duration_ms":3185.03,"average_investigation_time":3185.03,"status":"success","sourcetype":"aiops-mcp-metrics"}
{"timestamp":"2026-06-14T03:15:59Z","mcp_query_count":1,"mcp_success_count":1,"mcp_failure_count":0,"mcp_tool_usage":"splunk_run_query","tool_name":"splunk_run_query","duration_ms":7312.48,"average_investigation_time":7312.48,"status":"success","sourcetype":"aiops-mcp-metrics"}
{"timestamp":"2026-06-14T03:16:02Z","mcp_query_count":1,"mcp_success_count":1,"mcp_failure_count":0,"mcp_tool_usage":"splunk_run_query","tool_name":"splunk_run_query","duration_ms":4688.9,"average_investigation_time":4688.9,"status":"success","sourcetype":"aiops-mcp-metrics"}
{"timestamp":"2026-06-14T03:16:03Z","mcp_query_count":1,"mcp_success_count":1,"mcp_failure_count":0,"mcp_tool_usage":"splunk_run_query","tool_name":"splunk_run_query","duration_ms":4432.92,"average_investigation_time":4432.92,"status":"success","sourcetype":"aiops-mcp-metrics"}
{"timestamp":"2026-06-14T03:16:05Z","mcp_query_count":1,"mcp_success_count":1,"mcp_failure_count":0,"mcp_tool_usage":"splunk_run_query","tool_name":"splunk_run_query","duration_ms":3220.83,"average_investigation_time":3220.83,"status":"success","sourcetype":"aiops-mcp-metrics"}
{"timestamp":"2026-06-14T03:16:08Z","mcp_query_count":1,"mcp_success_count":1,"mcp_failure_count":0,"mcp_tool_usage":"splunk_run_query","tool_name":"splunk_run_query","duration_ms":4280.3,"average_investigation_time":4280.3,"status":"success","sourcetype":"aiops-mcp-metrics"}
{"timestamp":"2026-06-14T03:16:10Z","mcp_query_count":1,"mcp_success_count":1,"mcp_failure_count":0,"mcp_tool_usage":"splunk_run_query","tool_name":"splunk_run_query","duration_ms":5356.15,"average_investigation_time":5356.15,"status":"success","sourcetype":"aiops-mcp-metrics"}
{"timestamp":"2026-06-14T03:16:12Z","mcp_query_count":1,"mcp_success_count":1,"mcp_failure_count":0,"mcp_tool_usage":"splunk_run_query","tool_name":"splunk_run_query","duration_ms":4821.11,"average_investigation_time":4821.11,"status":"success","sourcetype":"aiops-mcp-metrics"}
{"timestamp":"2026-06-14T03:16:15Z","mcp_query_count":1,"mcp_success_count":1,"mcp_failure_count":0,"mcp_tool_usage":"splunk_run_query","tool_name":"splunk_run_query","duration_ms":4834.89,"average_investigation_time":4834.89,"status":"success","sourcetype":"aiops-mcp-metrics"}
{"timestamp":"2026-06-14T03:16:25Z","mcp_query_count":1,"mcp_success_count":0,"mcp_failure_count":1,"mcp_tool_usage":"splunk_run_query","tool_name":"splunk_run_query","duration_ms":8035.3,"average_investigation_time":8035.3,"status":"failure","error":"","sourcetype":"aiops-mcp-metrics"}
{"timestamp":"2026-06-14T03:16:30Z","mcp_query_count":1,"mcp_success_count":0,"mcp_failure_count":1,"mcp_tool_usage":"splunk_run_query","tool_name":"splunk_run_query","duration_ms":8105.48,"average_investigation_time":8105.48,"status":"failure","error":"","sourcetype":"aiops-mcp-metrics"}
{"timestamp":"2026-06-14T03:16:33Z","mcp_query_count":1,"mcp_success_count":0,"mcp_failure_count":1,"mcp_tool_usage":"splunk_run_query","tool_name":"splunk_run_query","duration_ms":8060.26,"average_investigation_time":8060.26,"status":"failure","error":"","sourcetype":"aiops-mcp-metrics"}
{"timestamp":"2026-06-14T03:16:36Z","mcp_query_count":1,"mcp_success_count":0,"mcp_failure_count":1,"mcp_tool_usage":"splunk_run_query","tool_name":"splunk_run_query","duration_ms":8076.37,"average_investigation_time":8076.37,"status":"failure","error":"","sourcetype":"aiops-mcp-metrics"}
{"timestamp":"2026-06-14T03:16:38Z","mcp_query_count":1,"mcp_success_count":0,"mcp_failure_count":1,"mcp_tool_usage":"splunk_run_query","tool_name":"splunk_run_query","duration_ms":8053.41,"average_investigation_time":8053.41,"status":"failure","error":"","sourcetype":"aiops-mcp-metrics"}
{"timestamp":"2026-06-14T03:16:41Z","mcp_query_count":1,"mcp_success_count":0,"mcp_failure_count":1,"mcp_tool_usage":"splunk_run_query","tool_name":"splunk_run_query","duration_ms":8136.71,"average_investigation_time":8136.71,"status":"failure","error":"","sourcetype":"aiops-mcp-metrics"}
{"timestamp":"2026-06-14T03:16:41Z","mcp_query_count":1,"mcp_success_count":0,"mcp_failure_count":1,"mcp_tool_usage":"splunk_run_query","tool_name":"splunk_run_query","duration_ms":8162.8,"average_investigation_time":8162.8,"status":"failure","error":"","sourcetype":"aiops-mcp-metrics"}
{"timestamp":"2026-06-14T03:16:44Z","mcp_query_count":1,"mcp_success_count":0,"mcp_failure_count":1,"mcp_tool_usage":"splunk_run_query","tool_name":"splunk_run_query","duration_ms":8057.56,"average_investigation_time":8057.56,"status":"failure","error":"","sourcetype":"aiops-mcp-metrics"}
{"timestamp":"2026-06-14T03:16:46Z","mcp_query_count":1,"mcp_success_count":0,"mcp_failure_count":1,"mcp_tool_usage":"splunk_run_query","tool_name":"splunk_run_query","duration_ms":8062.16,"average_investigation_time":8062.16,"status":"failure","error":"","sourcetype":"aiops-mcp-metrics"}
{"timestamp":"2026-06-14T03:16:49Z","mcp_query_count":1,"mcp_success_count":0,"mcp_failure_count":1,"mcp_tool_usage":"splunk_run_query","tool_name":"splunk_run_query","duration_ms":8096.85,"average_investigation_time":8096.85,"status":"failure","error":"","sourcetype":"aiops-mcp-metrics"}
{"timestamp":"2026-06-14T03:16:52Z","mcp_query_count":1,"mcp_success_count":0,"mcp_failure_count":1,"mcp_tool_usage":"splunk_run_query","tool_name":"splunk_run_query","duration_ms":8122.19,"average_investigation_time":8122.19,"status":"failure","error":"","sourcetype":"aiops-mcp-metrics"}
{"timestamp":"2026-06-14T03:16:57Z","mcp_query_count":1,"mcp_success_count":0,"mcp_failure_count":1,"mcp_tool_usage":"splunk_run_query","tool_name":"splunk_run_query","duration_ms":8055.83,"average_investigation_time":8055.83,"status":"failure","error":"","sourcetype":"aiops-mcp-metrics"}
{"timestamp":"2026-06-14T03:17:02Z","mcp_query_count":1,"mcp_success_count":0,"mcp_failure_count":1,"mcp_tool_usage":"splunk_run_query","tool_name":"splunk_run_query","duration_ms":8117.62,"average_investigation_time":8117.62,"status":"failure","error":"","sourcetype":"aiops-mcp-metrics"}
{"timestamp":"2026-06-14T03:17:10Z","mcp_query_count":1,"mcp_success_count":0,"mcp_failure_count":1,"mcp_tool_usage":"splunk_run_query","tool_name":"splunk_run_query","duration_ms":8064.56,"average_investigation_time":8064.56,"status":"failure","error":"","sourcetype":"aiops-mcp-metrics"}
{"timestamp":"2026-06-14T03:17:18Z","mcp_query_count":1,"mcp_success_count":0,"mcp_failure_count":1,"mcp_tool_usage":"splunk_run_query","tool_name":"splunk_run_query","duration_ms":8086.9,"average_investigation_time":8086.9,"status":"failure","error":"","sourcetype":"aiops-mcp-metrics"}
{"timestamp":"2026-06-14T03:17:19Z","mcp_query_count":1,"mcp_success_count":0,"mcp_failure_count":1,"mcp_tool_usage":"splunk_run_query","tool_name":"splunk_run_query","duration_ms":8029.47,"average_investigation_time":8029.47,"status":"failure","error":"","sourcetype":"aiops-mcp-metrics"}
{"timestamp":"2026-06-14T03:17:27Z","mcp_query_count":1,"mcp_success_count":0,"mcp_failure_count":1,"mcp_tool_usage":"splunk_run_query","tool_name":"splunk_run_query","duration_ms":8104.52,"average_investigation_time":8104.52,"status":"failure","error":"","sourcetype":"aiops-mcp-metrics"}
{"timestamp":"2026-06-14T03:17:35Z","mcp_query_count":1,"mcp_success_count":0,"mcp_failure_count":1,"mcp_tool_usage":"splunk_run_query","tool_name":"splunk_run_query","duration_ms":8104.68,"average_investigation_time":8104.68,"status":"failure","error":"","sourcetype":"aiops-mcp-metrics"}
{"timestamp":"2026-06-14T03:18:24Z","mcp_query_count":1,"mcp_success_count":1,"mcp_failure_count":0,"mcp_tool_usage":"splunk_run_query","tool_name":"splunk_run_query","duration_ms":5879.1,"average_investigation_time":5879.1,"status":"success","sourcetype":"aiops-mcp-metrics"}
{"timestamp":"2026-06-14T03:18:29Z","mcp_query_count":1,"mcp_success_count":1,"mcp_failure_count":0,"mcp_tool_usage":"splunk_run_query","tool_name":"splunk_run_query","duration_ms":5355.0,"average_investigation_time":5355.0,"status":"success","sourcetype":"aiops-mcp-metrics"}
{"timestamp":"2026-06-14T03:18:34Z","mcp_query_count":1,"mcp_success_count":1,"mcp_failure_count":0,"mcp_tool_usage":"splunk_run_query","tool_name":"splunk_run_query","duration_ms":4298.03,"average_investigation_time":4298.03,"status":"success","sourcetype":"aiops-mcp-metrics"}
{"timestamp":"2026-06-14T03:18:39Z","mcp_query_count":1,"mcp_success_count":1,"mcp_failure_count":0,"mcp_tool_usage":"splunk_run_query","tool_name":"splunk_run_query","duration_ms":5303.44,"average_investigation_time":5303.44,"status":"success","sourcetype":"aiops-mcp-metrics"}
{"timestamp":"2026-06-14T03:18:44Z","mcp_query_count":1,"mcp_success_count":1,"mcp_failure_count":0,"mcp_tool_usage":"splunk_run_query","tool_name":"splunk_run_query","duration_ms":4884.5,"average_investigation_time":4884.5,"status":"success","sourcetype":"aiops-mcp-metrics"}
{"timestamp":"2026-06-14T03:18:50Z","mcp_query_count":1,"mcp_success_count":1,"mcp_failure_count":0,"mcp_tool_usage":"splunk_run_query","tool_name":"splunk_run_query","duration_ms":6046.8,"average_investigation_time":6046.8,"status":"success","sourcetype":"aiops-mcp-metrics"}
{"timestamp":"2026-06-14T03:18:56Z","mcp_query_count":1,"mcp_success_count":1,"mcp_failure_count":0,"mcp_tool_usage":"splunk_run_query","tool_name":"splunk_run_query","duration_ms":6514.21,"average_investigation_time":6514.21,"status":"success","sourcetype":"aiops-mcp-metrics"}
{"timestamp":"2026-06-14T03:19:04Z","mcp_query_count":1,"mcp_success_count":1,"mcp_failure_count":0,"mcp_tool_usage":"splunk_run_query","tool_name":"splunk_run_query","duration_ms":7875.51,"average_investigation_time":7875.51,"status":"success","sourcetype":"aiops-mcp-metrics"}
{"timestamp":"2026-06-14T03:19:07Z","mcp_query_count":1,"mcp_success_count":1,"mcp_failure_count":0,"mcp_tool_usage":"splunk_run_query","tool_name":"splunk_run_query","duration_ms":5455.13,"average_investigation_time":5455.13,"status":"success","sourcetype":"aiops-mcp-metrics"}
{"timestamp":"2026-06-14T03:19:13Z","mcp_query_count":1,"mcp_success_count":1,"mcp_failure_count":0,"mcp_tool_usage":"splunk_run_query","tool_name":"splunk_run_query","duration_ms":6050.69,"average_investigation_time":6050.69,"status":"success","sourcetype":"aiops-mcp-metrics"}
{"timestamp":"2026-06-14T03:19:19Z","mcp_query_count":1,"mcp_success_count":1,"mcp_failure_count":0,"mcp_tool_usage":"splunk_run_query","tool_name":"splunk_run_query","duration_ms":5909.61,"average_investigation_time":5909.61,"status":"success","sourcetype":"aiops-mcp-metrics"}
{"timestamp":"2026-06-14T03:19:24Z","mcp_query_count":1,"mcp_success_count":1,"mcp_failure_count":0,"mcp_tool_usage":"splunk_run_query","tool_name":"splunk_run_query","duration_ms":5306.71,"average_investigation_time":5306.71,"status":"success","sourcetype":"aiops-mcp-metrics"}
{"timestamp":"2026-06-14T03:19:34Z","mcp_query_count":1,"mcp_success_count":1,"mcp_failure_count":0,"mcp_tool_usage":"splunk_run_query","tool_name":"splunk_run_query","duration_ms":5186.75,"average_investigation_time":5186.75,"status":"success","sourcetype":"aiops-mcp-metrics"}
{"timestamp":"2026-06-14T03:19:41Z","mcp_query_count":1,"mcp_success_count":1,"mcp_failure_count":0,"mcp_tool_usage":"splunk_run_query","tool_name":"splunk_run_query","duration_ms":6974.61,"average_investigation_time":6974.61,"status":"success","sourcetype":"aiops-mcp-metrics"}
{"timestamp":"2026-06-14T03:19:45Z","mcp_query_count":1,"mcp_success_count":1,"mcp_failure_count":0,"mcp_tool_usage":"splunk_run_query","tool_name":"splunk_run_query","duration_ms":5574.08,"average_investigation_time":5574.08,"status":"success","sourcetype":"aiops-mcp-metrics"}
{"timestamp":"2026-06-14T03:19:47Z","mcp_query_count":1,"mcp_success_count":1,"mcp_failure_count":0,"mcp_tool_usage":"splunk_run_query","tool_name":"splunk_run_query","duration_ms":6086.75,"average_investigation_time":6086.75,"status":"success","sourcetype":"aiops-mcp-metrics"}
{"timestamp":"2026-06-14T03:19:50Z","mcp_query_count":1,"mcp_success_count":1,"mcp_failure_count":0,"mcp_tool_usage":"splunk_run_query","tool_name":"splunk_run_query","duration_ms":4873.87,"average_investigation_time":4873.87,"status":"success","sourcetype":"aiops-mcp-metrics"}
{"timestamp":"2026-06-14T03:19:52Z","mcp_query_count":1,"mcp_success_count":1,"mcp_failure_count":0,"mcp_tool_usage":"splunk_run_query","tool_name":"splunk_run_query","duration_ms":5147.77,"average_investigation_time":5147.77,"status":"success","sourcetype":"aiops-mcp-metrics"}
{"timestamp":"2026-06-14T03:19:58Z","mcp_query_count":1,"mcp_success_count":0,"mcp_failure_count":1,"mcp_tool_usage":"splunk_run_query","tool_name":"splunk_run_query","duration_ms":8029.28,"average_investigation_time":8029.28,"status":"failure","error":"","sourcetype":"aiops-mcp-metrics"}
{"timestamp":"2026-06-14T03:20:03Z","mcp_query_count":1,"mcp_success_count":1,"mcp_failure_count":0,"mcp_tool_usage":"splunk_run_query","tool_name":"splunk_run_query","duration_ms":4311.17,"average_investigation_time":4311.17,"status":"success","sourcetype":"aiops-mcp-metrics"}
{"timestamp":"2026-06-14T03:20:54Z","mcp_query_count":1,"mcp_success_count":1,"mcp_failure_count":0,"mcp_tool_usage":"splunk_run_query","tool_name":"splunk_run_query","duration_ms":4936.04,"average_investigation_time":4936.04,"status":"success","sourcetype":"aiops-mcp-metrics"}
{"timestamp":"2026-06-14T03:20:58Z","mcp_query_count":1,"mcp_success_count":1,"mcp_failure_count":0,"mcp_tool_usage":"splunk_run_query","tool_name":"splunk_run_query","duration_ms":4257.88,"average_investigation_time":4257.88,"status":"success","sourcetype":"aiops-mcp-metrics"}
{"timestamp":"2026-06-14T03:21:03Z","mcp_query_count":1,"mcp_success_count":1,"mcp_failure_count":0,"mcp_tool_usage":"splunk_run_query","tool_name":"splunk_run_query","duration_ms":4757.51,"average_investigation_time":4757.51,"status":"success","sourcetype":"aiops-mcp-metrics"}
{"timestamp":"2026-06-14T03:21:07Z","mcp_query_count":1,"mcp_success_count":1,"mcp_failure_count":0,"mcp_tool_usage":"splunk_run_query","tool_name":"splunk_run_query","duration_ms":4217.84,"average_investigation_time":4217.84,"status":"success","sourcetype":"aiops-mcp-metrics"}
{"timestamp":"2026-06-14T03:21:38Z","mcp_query_count":1,"mcp_success_count":1,"mcp_failure_count":0,"mcp_tool_usage":"splunk_run_query","tool_name":"splunk_run_query","duration_ms":3948.91,"average_investigation_time":3948.91,"status":"success","sourcetype":"aiops-mcp-metrics"}
{"timestamp":"2026-06-14T03:21:41Z","mcp_query_count":1,"mcp_success_count":1,"mcp_failure_count":0,"mcp_tool_usage":"splunk_run_query","tool_name":"splunk_run_query","duration_ms":3162.28,"average_investigation_time":3162.28,"status":"success","sourcetype":"aiops-mcp-metrics"}
{"timestamp":"2026-06-14T03:21:45Z","mcp_query_count":1,"mcp_success_count":1,"mcp_failure_count":0,"mcp_tool_usage":"splunk_run_query","tool_name":"splunk_run_query","duration_ms":3676.73,"average_investigation_time":3676.73,"status":"success","sourcetype":"aiops-mcp-metrics"}
{"timestamp":"2026-06-14T03:21:48Z","mcp_query_count":1,"mcp_success_count":1,"mcp_failure_count":0,"mcp_tool_usage":"splunk_run_query","tool_name":"splunk_run_query","duration_ms":3194.71,"average_investigation_time":3194.71,"status":"success","sourcetype":"aiops-mcp-metrics"}
{"timestamp":"2026-06-14T03:23:03Z","mcp_query_count":1,"mcp_success_count":1,"mcp_failure_count":0,"mcp_tool_usage":"splunk_run_query","tool_name":"splunk_run_query","duration_ms":3811.21,"average_investigation_time":3811.21,"status":"success","sourcetype":"aiops-mcp-metrics"}
{"timestamp":"2026-06-14T03:23:07Z","mcp_query_count":1,"mcp_success_count":1,"mcp_failure_count":0,"mcp_tool_usage":"splunk_run_query","tool_name":"splunk_run_query","duration_ms":3709.38,"average_investigation_time":3709.38,"status":"success","sourcetype":"aiops-mcp-metrics"}
{"timestamp":"2026-06-14T03:23:11Z","mcp_query_count":1,"mcp_success_count":1,"mcp_failure_count":0,"mcp_tool_usage":"splunk_run_query","tool_name":"splunk_run_query","duration_ms":4212.88,"average_investigation_time":4212.88,"status":"success","sourcetype":"aiops-mcp-metrics"}
{"timestamp":"2026-06-14T03:23:19Z","mcp_query_count":1,"mcp_success_count":0,"mcp_failure_count":1,"mcp_tool_usage":"splunk_run_query","tool_name":"splunk_run_query","duration_ms":8059.41,"average_investigation_time":8059.41,"status":"failure","error":"","sourcetype":"aiops-mcp-metrics"}
{"timestamp":"2026-06-14T03:23:24Z","mcp_query_count":1,"mcp_success_count":0,"mcp_failure_count":1,"mcp_tool_usage":"splunk_run_query","tool_name":"splunk_run_query","duration_ms":8158.72,"average_investigation_time":8158.72,"status":"failure","error":"","sourcetype":"aiops-mcp-metrics"}
{"timestamp":"2026-06-14T03:23:32Z","mcp_query_count":1,"mcp_success_count":0,"mcp_failure_count":1,"mcp_tool_usage":"splunk_run_query","tool_name":"splunk_run_query","duration_ms":8064.84,"average_investigation_time":8064.84,"status":"failure","error":"","sourcetype":"aiops-mcp-metrics"}
{"timestamp":"2026-06-14T03:23:35Z","mcp_query_count":1,"mcp_success_count":0,"mcp_failure_count":1,"mcp_tool_usage":"splunk_run_query","tool_name":"splunk_run_query","duration_ms":8200.35,"average_investigation_time":8200.35,"status":"failure","error":"","sourcetype":"aiops-mcp-metrics"}
{"timestamp":"2026-06-14T03:23:40Z","mcp_query_count":1,"mcp_success_count":0,"mcp_failure_count":1,"mcp_tool_usage":"splunk_run_query","tool_name":"splunk_run_query","duration_ms":8033.83,"average_investigation_time":8033.83,"status":"failure","error":"","sourcetype":"aiops-mcp-metrics"}
{"timestamp":"2026-06-14T03:23:43Z","mcp_query_count":1,"mcp_success_count":0,"mcp_failure_count":1,"mcp_tool_usage":"splunk_run_query","tool_name":"splunk_run_query","duration_ms":8108.97,"average_investigation_time":8108.97,"status":"failure","error":"","sourcetype":"aiops-mcp-metrics"}
{"timestamp":"2026-06-14T03:23:51Z","mcp_query_count":1,"mcp_success_count":0,"mcp_failure_count":1,"mcp_tool_usage":"splunk_run_query","tool_name":"splunk_run_query","duration_ms":8052.0,"average_investigation_time":8052.0,"status":"failure","error":"","sourcetype":"aiops-mcp-metrics"}
{"timestamp":"2026-06-14T03:24:21Z","mcp_query_count":1,"mcp_success_count":0,"mcp_failure_count":1,"mcp_tool_usage":"splunk_run_query","tool_name":"splunk_run_query","duration_ms":8366.0,"average_investigation_time":8366.0,"status":"failure","error":"","sourcetype":"aiops-mcp-metrics"}
{"timestamp":"2026-06-14T03:24:23Z","mcp_query_count":1,"mcp_success_count":0,"mcp_failure_count":1,"mcp_tool_usage":"splunk_run_query","tool_name":"splunk_run_query","duration_ms":8130.52,"average_investigation_time":8130.52,"status":"failure","error":"","sourcetype":"aiops-mcp-metrics"}
{"timestamp":"2026-06-14T03:24:29Z","mcp_query_count":1,"mcp_success_count":0,"mcp_failure_count":1,"mcp_tool_usage":"splunk_run_query","tool_name":"splunk_run_query","duration_ms":8165.9,"average_investigation_time":8165.9,"status":"failure","error":"","sourcetype":"aiops-mcp-metrics"}
{"timestamp":"2026-06-14T03:24:31Z","mcp_query_count":1,"mcp_success_count":0,"mcp_failure_count":1,"mcp_tool_usage":"splunk_run_query","tool_name":"splunk_run_query","duration_ms":8032.24,"average_investigation_time":8032.24,"status":"failure","error":"","sourcetype":"aiops-mcp-metrics"}
{"timestamp":"2026-06-14T03:24:37Z","mcp_query_count":1,"mcp_success_count":0,"mcp_failure_count":1,"mcp_tool_usage":"splunk_run_query","tool_name":"splunk_run_query","duration_ms":8072.0,"average_investigation_time":8072.0,"status":"failure","error":"","sourcetype":"aiops-mcp-metrics"}
{"timestamp":"2026-06-14T03:25:16Z","mcp_query_count":1,"mcp_success_count":0,"mcp_failure_count":1,"mcp_tool_usage":"splunk_run_query","tool_name":"splunk_run_query","duration_ms":8268.55,"average_investigation_time":8268.55,"status":"failure","error":"","sourcetype":"aiops-mcp-metrics"}
{"timestamp":"2026-06-14T03:25:24Z","mcp_query_count":1,"mcp_success_count":0,"mcp_failure_count":1,"mcp_tool_usage":"splunk_run_query","tool_name":"splunk_run_query","duration_ms":8109.38,"average_investigation_time":8109.38,"status":"failure","error":"","sourcetype":"aiops-mcp-metrics"}
{"timestamp":"2026-06-14T03:25:32Z","mcp_query_count":1,"mcp_success_count":0,"mcp_failure_count":1,"mcp_tool_usage":"splunk_run_query","tool_name":"splunk_run_query","duration_ms":8139.36,"average_investigation_time":8139.36,"status":"failure","error":"","sourcetype":"aiops-mcp-metrics"}
{"timestamp":"2026-06-14T03:25:45Z","mcp_query_count":1,"mcp_success_count":0,"mcp_failure_count":1,"mcp_tool_usage":"splunk_run_query","tool_name":"splunk_run_query","duration_ms":8055.88,"average_investigation_time":8055.88,"status":"failure","error":"","sourcetype":"aiops-mcp-metrics"}
{"timestamp":"2026-06-14T03:25:48Z","mcp_query_count":1,"mcp_success_count":0,"mcp_failure_count":1,"mcp_tool_usage":"splunk_run_query","tool_name":"splunk_run_query","duration_ms":8031.62,"average_investigation_time":8031.62,"status":"failure","error":"","sourcetype":"aiops-mcp-metrics"}
{"timestamp":"2026-06-14T03:25:53Z","mcp_query_count":1,"mcp_success_count":0,"mcp_failure_count":1,"mcp_tool_usage":"splunk_run_query","tool_name":"splunk_run_query","duration_ms":8043.66,"average_investigation_time":8043.66,"status":"failure","error":"","sourcetype":"aiops-mcp-metrics"}
{"timestamp":"2026-06-14T03:25:56Z","mcp_query_count":1,"mcp_success_count":0,"mcp_failure_count":1,"mcp_tool_usage":"splunk_run_query","tool_name":"splunk_run_query","duration_ms":8062.98,"average_investigation_time":8062.98,"status":"failure","error":"","sourcetype":"aiops-mcp-metrics"}
{"timestamp":"2026-06-14T03:26:00Z","mcp_query_count":1,"mcp_success_count":1,"mcp_failure_count":0,"mcp_tool_usage":"splunk_run_query","tool_name":"splunk_run_query","duration_ms":7538.23,"average_investigation_time":7538.23,"status":"success","sourcetype":"aiops-mcp-metrics"}
{"timestamp":"2026-06-14T03:26:02Z","mcp_query_count":1,"mcp_success_count":1,"mcp_failure_count":0,"mcp_tool_usage":"splunk_run_query","tool_name":"splunk_run_query","duration_ms":5988.6,"average_investigation_time":5988.6,"status":"success","sourcetype":"aiops-mcp-metrics"}
{"timestamp":"2026-06-14T03:26:17Z","mcp_query_count":1,"mcp_success_count":1,"mcp_failure_count":0,"mcp_tool_usage":"splunk_run_query","tool_name":"splunk_run_query","duration_ms":4181.26,"average_investigation_time":4181.26,"status":"success","sourcetype":"aiops-mcp-metrics"}
{"timestamp":"2026-06-14T03:26:21Z","mcp_query_count":1,"mcp_success_count":1,"mcp_failure_count":0,"mcp_tool_usage":"splunk_run_query","tool_name":"splunk_run_query","duration_ms":4734.93,"average_investigation_time":4734.93,"status":"success","sourcetype":"aiops-mcp-metrics"}
{"timestamp":"2026-06-14T03:26:25Z","mcp_query_count":1,"mcp_success_count":1,"mcp_failure_count":0,"mcp_tool_usage":"splunk_run_query","tool_name":"splunk_run_query","duration_ms":3773.44,"average_investigation_time":3773.44,"status":"success","sourcetype":"aiops-mcp-metrics"}
{"timestamp":"2026-06-14T03:26:26Z","mcp_query_count":1,"mcp_success_count":1,"mcp_failure_count":0,"mcp_tool_usage":"splunk_run_query","tool_name":"splunk_run_query","duration_ms":3153.32,"average_investigation_time":3153.32,"status":"success","sourcetype":"aiops-mcp-metrics"}
{"timestamp":"2026-06-14T03:26:29Z","mcp_query_count":1,"mcp_success_count":1,"mcp_failure_count":0,"mcp_tool_usage":"splunk_run_query","tool_name":"splunk_run_query","duration_ms":3795.22,"average_investigation_time":3795.22,"status":"success","sourcetype":"aiops-mcp-metrics"}
{"timestamp":"2026-06-14T03:26:30Z","mcp_query_count":1,"mcp_success_count":1,"mcp_failure_count":0,"mcp_tool_usage":"splunk_run_query","tool_name":"splunk_run_query","duration_ms":4298.65,"average_investigation_time":4298.65,"status":"success","sourcetype":"aiops-mcp-metrics"}
{"timestamp":"2026-06-14T03:26:34Z","mcp_query_count":1,"mcp_success_count":1,"mcp_failure_count":0,"mcp_tool_usage":"splunk_run_query","tool_name":"splunk_run_query","duration_ms":5952.24,"average_investigation_time":5952.24,"status":"success","sourcetype":"aiops-mcp-metrics"}
{"timestamp":"2026-06-14T03:26:36Z","mcp_query_count":1,"mcp_success_count":1,"mcp_failure_count":0,"mcp_tool_usage":"splunk_run_query","tool_name":"splunk_run_query","duration_ms":5915.92,"average_investigation_time":5915.92,"status":"success","sourcetype":"aiops-mcp-metrics"}
{"timestamp":"2026-06-14T03:26:40Z","mcp_query_count":1,"mcp_success_count":1,"mcp_failure_count":0,"mcp_tool_usage":"splunk_run_query","tool_name":"splunk_run_query","duration_ms":6553.75,"average_investigation_time":6553.75,"status":"success","sourcetype":"aiops-mcp-metrics"}
{"timestamp":"2026-06-14T03:26:41Z","mcp_query_count":1,"mcp_success_count":1,"mcp_failure_count":0,"mcp_tool_usage":"splunk_run_query","tool_name":"splunk_run_query","duration_ms":4874.65,"average_investigation_time":4874.65,"status":"success","sourcetype":"aiops-mcp-metrics"}
{"timestamp":"2026-06-14T03:27:33Z","mcp_query_count":1,"mcp_success_count":1,"mcp_failure_count":0,"mcp_tool_usage":"splunk_run_query","tool_name":"splunk_run_query","duration_ms":5260.5,"average_investigation_time":5260.5,"status":"success","sourcetype":"aiops-mcp-metrics"}
{"timestamp":"2026-06-14T03:27:37Z","mcp_query_count":1,"mcp_success_count":1,"mcp_failure_count":0,"mcp_tool_usage":"splunk_run_query","tool_name":"splunk_run_query","duration_ms":3766.03,"average_investigation_time":3766.03,"status":"success","sourcetype":"aiops-mcp-metrics"}
{"timestamp":"2026-06-14T03:27:41Z","mcp_query_count":1,"mcp_success_count":1,"mcp_failure_count":0,"mcp_tool_usage":"splunk_run_query","tool_name":"splunk_run_query","duration_ms":3684.91,"average_investigation_time":3684.91,"status":"success","sourcetype":"aiops-mcp-metrics"}
{"timestamp":"2026-06-14T03:27:43Z","mcp_query_count":1,"mcp_success_count":1,"mcp_failure_count":0,"mcp_tool_usage":"splunk_run_query","tool_name":"splunk_run_query","duration_ms":2645.47,"average_investigation_time":2645.47,"status":"success","sourcetype":"aiops-mcp-metrics"}
{"timestamp":"2026-06-14T03:27:53Z","mcp_query_count":1,"mcp_success_count":1,"mcp_failure_count":0,"mcp_tool_usage":"splunk_run_query","tool_name":"splunk_run_query","duration_ms":4600.31,"average_investigation_time":4600.31,"status":"success","sourcetype":"aiops-mcp-metrics"}
{"timestamp":"2026-06-14T03:27:59Z","mcp_query_count":1,"mcp_success_count":1,"mcp_failure_count":0,"mcp_tool_usage":"splunk_run_query","tool_name":"splunk_run_query","duration_ms":6702.67,"average_investigation_time":6702.67,"status":"success","sourcetype":"aiops-mcp-metrics"}
{"timestamp":"2026-06-14T03:28:00Z","mcp_query_count":1,"mcp_success_count":1,"mcp_failure_count":0,"mcp_tool_usage":"splunk_run_query","tool_name":"splunk_run_query","duration_ms":6365.54,"average_investigation_time":6365.54,"status":"success","sourcetype":"aiops-mcp-metrics"}
{"timestamp":"2026-06-14T03:28:06Z","mcp_query_count":1,"mcp_success_count":1,"mcp_failure_count":0,"mcp_tool_usage":"splunk_run_query","tool_name":"splunk_run_query","duration_ms":7101.42,"average_investigation_time":7101.42,"status":"success","sourcetype":"aiops-mcp-metrics"}
{"timestamp":"2026-06-14T03:28:07Z","mcp_query_count":1,"mcp_success_count":1,"mcp_failure_count":0,"mcp_tool_usage":"splunk_run_query","tool_name":"splunk_run_query","duration_ms":7070.86,"average_investigation_time":7070.86,"status":"success","sourcetype":"aiops-mcp-metrics"}
{"timestamp":"2026-06-14T03:28:10Z","mcp_query_count":1,"mcp_success_count":1,"mcp_failure_count":0,"mcp_tool_usage":"splunk_run_query","tool_name":"splunk_run_query","duration_ms":5929.12,"average_investigation_time":5929.12,"status":"success","sourcetype":"aiops-mcp-metrics"}
{"timestamp":"2026-06-14T03:28:11Z","mcp_query_count":1,"mcp_success_count":1,"mcp_failure_count":0,"mcp_tool_usage":"splunk_run_query","tool_name":"splunk_run_query","duration_ms":4242.32,"average_investigation_time":4242.32,"status":"success","sourcetype":"aiops-mcp-metrics"}
{"timestamp":"2026-06-14T03:28:11Z","mcp_query_count":1,"mcp_success_count":1,"mcp_failure_count":0,"mcp_tool_usage":"splunk_run_query","tool_name":"splunk_run_query","duration_ms":4862.96,"average_investigation_time":4862.96,"status":"success","sourcetype":"aiops-mcp-metrics"}
{"timestamp":"2026-06-14T03:28:16Z","mcp_query_count":1,"mcp_success_count":1,"mcp_failure_count":0,"mcp_tool_usage":"splunk_run_query","tool_name":"splunk_run_query","duration_ms":6575.28,"average_investigation_time":6575.28,"status":"success","sourcetype":"aiops-mcp-metrics"}
{"timestamp":"2026-06-14T03:28:16Z","mcp_query_count":1,"mcp_success_count":0,"mcp_failure_count":1,"mcp_tool_usage":"splunk_run_query","tool_name":"splunk_run_query","duration_ms":8043.35,"average_investigation_time":8043.35,"status":"failure","error":"","sourcetype":"aiops-mcp-metrics"}
{"timestamp":"2026-06-14T03:28:19Z","mcp_query_count":1,"mcp_success_count":1,"mcp_failure_count":0,"mcp_tool_usage":"splunk_run_query","tool_name":"splunk_run_query","duration_ms":7837.71,"average_investigation_time":7837.71,"status":"success","sourcetype":"aiops-mcp-metrics"}
{"timestamp":"2026-06-14T03:28:24Z","mcp_query_count":1,"mcp_success_count":1,"mcp_failure_count":0,"mcp_tool_usage":"splunk_run_query","tool_name":"splunk_run_query","duration_ms":7555.5,"average_investigation_time":7555.5,"status":"success","sourcetype":"aiops-mcp-metrics"}
{"timestamp":"2026-06-14T03:28:24Z","mcp_query_count":1,"mcp_success_count":0,"mcp_failure_count":1,"mcp_tool_usage":"splunk_run_query","tool_name":"splunk_run_query","duration_ms":8068.04,"average_investigation_time":8068.04,"status":"failure","error":"","sourcetype":"aiops-mcp-metrics"}
{"timestamp":"2026-06-14T03:28:32Z","mcp_query_count":1,"mcp_success_count":0,"mcp_failure_count":1,"mcp_tool_usage":"splunk_run_query","tool_name":"splunk_run_query","duration_ms":8179.02,"average_investigation_time":8179.02,"status":"failure","error":"","sourcetype":"aiops-mcp-metrics"}
{"timestamp":"2026-06-14T03:28:33Z","mcp_query_count":1,"mcp_success_count":0,"mcp_failure_count":1,"mcp_tool_usage":"splunk_run_query","tool_name":"splunk_run_query","duration_ms":8225.1,"average_investigation_time":8225.1,"status":"failure","error":"","sourcetype":"aiops-mcp-metrics"}
{"timestamp":"2026-06-14T03:28:40Z","mcp_query_count":1,"mcp_success_count":0,"mcp_failure_count":1,"mcp_tool_usage":"splunk_run_query","tool_name":"splunk_run_query","duration_ms":8099.28,"average_investigation_time":8099.28,"status":"failure","error":"","sourcetype":"aiops-mcp-metrics"}
{"timestamp":"2026-06-14T03:29:10Z","mcp_query_count":1,"mcp_success_count":0,"mcp_failure_count":1,"mcp_tool_usage":"splunk_run_query","tool_name":"splunk_run_query","duration_ms":8105.17,"average_investigation_time":8105.17,"status":"failure","error":"","sourcetype":"aiops-mcp-metrics"}
{"timestamp":"2026-06-14T03:29:16Z","mcp_query_count":1,"mcp_success_count":1,"mcp_failure_count":0,"mcp_tool_usage":"splunk_run_query","tool_name":"splunk_run_query","duration_ms":6156.0,"average_investigation_time":6156.0,"status":"success","sourcetype":"aiops-mcp-metrics"}
{"timestamp":"2026-06-14T03:29:23Z","mcp_query_count":1,"mcp_success_count":1,"mcp_failure_count":0,"mcp_tool_usage":"splunk_run_query","tool_name":"splunk_run_query","duration_ms":7595.71,"average_investigation_time":7595.71,"status":"success","sourcetype":"aiops-mcp-metrics"}
{"timestamp":"2026-06-14T03:29:31Z","mcp_query_count":1,"mcp_success_count":0,"mcp_failure_count":1,"mcp_tool_usage":"splunk_run_query","tool_name":"splunk_run_query","duration_ms":8074.06,"average_investigation_time":8074.06,"status":"failure","error":"","sourcetype":"aiops-mcp-metrics"}
{"timestamp":"2026-06-14T03:30:55Z","mcp_query_count":1,"mcp_success_count":1,"mcp_failure_count":0,"mcp_tool_usage":"splunk_run_query","tool_name":"splunk_run_query","duration_ms":4472.42,"average_investigation_time":4472.42,"status":"success","sourcetype":"aiops-mcp-metrics"}
{"timestamp":"2026-06-14T03:30:58Z","mcp_query_count":1,"mcp_success_count":1,"mcp_failure_count":0,"mcp_tool_usage":"splunk_run_query","tool_name":"splunk_run_query","duration_ms":3179.91,"average_investigation_time":3179.91,"status":"success","sourcetype":"aiops-mcp-metrics"}
{"timestamp":"2026-06-14T03:31:01Z","mcp_query_count":1,"mcp_success_count":1,"mcp_failure_count":0,"mcp_tool_usage":"splunk_run_query","tool_name":"splunk_run_query","duration_ms":3190.23,"average_investigation_time":3190.23,"status":"success","sourcetype":"aiops-mcp-metrics"}
{"timestamp":"2026-06-14T03:31:04Z","mcp_query_count":1,"mcp_success_count":1,"mcp_failure_count":0,"mcp_tool_usage":"splunk_run_query","tool_name":"splunk_run_query","duration_ms":3179.19,"average_investigation_time":3179.19,"status":"success","sourcetype":"aiops-mcp-metrics"}
{"timestamp":"2026-06-14T03:31:26Z","mcp_query_count":1,"mcp_success_count":1,"mcp_failure_count":0,"mcp_tool_usage":"splunk_run_query","tool_name":"splunk_run_query","duration_ms":5064.6,"average_investigation_time":5064.6,"status":"success","sourcetype":"aiops-mcp-metrics"}
{"timestamp":"2026-06-14T03:31:29Z","mcp_query_count":1,"mcp_success_count":1,"mcp_failure_count":0,"mcp_tool_usage":"splunk_run_query","tool_name":"splunk_run_query","duration_ms":3722.09,"average_investigation_time":3722.09,"status":"success","sourcetype":"aiops-mcp-metrics"}
{"timestamp":"2026-06-14T03:31:34Z","mcp_query_count":1,"mcp_success_count":1,"mcp_failure_count":0,"mcp_tool_usage":"splunk_run_query","tool_name":"splunk_run_query","duration_ms":4745.11,"average_investigation_time":4745.11,"status":"success","sourcetype":"aiops-mcp-metrics"}
{"timestamp":"2026-06-14T03:31:37Z","mcp_query_count":1,"mcp_success_count":1,"mcp_failure_count":0,"mcp_tool_usage":"splunk_run_query","tool_name":"splunk_run_query","duration_ms":3226.45,"average_investigation_time":3226.45,"status":"success","sourcetype":"aiops-mcp-metrics"}
{"timestamp":"2026-06-14T03:32:05Z","mcp_query_count":1,"mcp_success_count":1,"mcp_failure_count":0,"mcp_tool_usage":"splunk_run_query","tool_name":"splunk_run_query","duration_ms":5124.96,"average_investigation_time":5124.96,"status":"success","sourcetype":"aiops-mcp-metrics"}
{"timestamp":"2026-06-14T03:32:10Z","mcp_query_count":1,"mcp_success_count":1,"mcp_failure_count":0,"mcp_tool_usage":"splunk_run_query","tool_name":"splunk_run_query","duration_ms":5118.06,"average_investigation_time":5118.06,"status":"success","sourcetype":"aiops-mcp-metrics"}
{"timestamp":"2026-06-14T03:32:10Z","mcp_query_count":1,"mcp_success_count":1,"mcp_failure_count":0,"mcp_tool_usage":"splunk_run_query","tool_name":"splunk_run_query","duration_ms":5295.84,"average_investigation_time":5295.84,"status":"success","sourcetype":"aiops-mcp-metrics"}
{"timestamp":"2026-06-14T03:32:15Z","mcp_query_count":1,"mcp_success_count":1,"mcp_failure_count":0,"mcp_tool_usage":"splunk_run_query","tool_name":"splunk_run_query","duration_ms":5167.56,"average_investigation_time":5167.56,"status":"success","sourcetype":"aiops-mcp-metrics"}
{"timestamp":"2026-06-14T03:32:17Z","mcp_query_count":1,"mcp_success_count":1,"mcp_failure_count":0,"mcp_tool_usage":"splunk_run_query","tool_name":"splunk_run_query","duration_ms":6972.04,"average_investigation_time":6972.04,"status":"success","sourcetype":"aiops-mcp-metrics"}
{"timestamp":"2026-06-14T03:32:23Z","mcp_query_count":1,"mcp_success_count":1,"mcp_failure_count":0,"mcp_tool_usage":"splunk_run_query","tool_name":"splunk_run_query","duration_ms":7699.65,"average_investigation_time":7699.65,"status":"success","sourcetype":"aiops-mcp-metrics"}
{"timestamp":"2026-06-14T03:32:24Z","mcp_query_count":1,"mcp_success_count":1,"mcp_failure_count":0,"mcp_tool_usage":"splunk_run_query","tool_name":"splunk_run_query","duration_ms":6457.69,"average_investigation_time":6457.69,"status":"success","sourcetype":"aiops-mcp-metrics"}
{"timestamp":"2026-06-14T03:32:29Z","mcp_query_count":1,"mcp_success_count":0,"mcp_failure_count":1,"mcp_tool_usage":"splunk_run_query","tool_name":"splunk_run_query","duration_ms":8050.11,"average_investigation_time":8050.11,"status":"failure","error":"","sourcetype":"aiops-mcp-metrics"}
{"timestamp":"2026-06-14T03:32:30Z","mcp_query_count":1,"mcp_success_count":1,"mcp_failure_count":0,"mcp_tool_usage":"splunk_run_query","tool_name":"splunk_run_query","duration_ms":7175.63,"average_investigation_time":7175.63,"status":"success","sourcetype":"aiops-mcp-metrics"}
{"timestamp":"2026-06-14T03:32:37Z","mcp_query_count":1,"mcp_success_count":1,"mcp_failure_count":0,"mcp_tool_usage":"splunk_run_query","tool_name":"splunk_run_query","duration_ms":7842.99,"average_investigation_time":7842.99,"status":"success","sourcetype":"aiops-mcp-metrics"}
{"timestamp":"2026-06-14T03:32:38Z","mcp_query_count":1,"mcp_success_count":0,"mcp_failure_count":1,"mcp_tool_usage":"splunk_run_query","tool_name":"splunk_run_query","duration_ms":8082.54,"average_investigation_time":8082.54,"status":"failure","error":"","sourcetype":"aiops-mcp-metrics"}
{"timestamp":"2026-06-14T03:32:45Z","mcp_query_count":1,"mcp_success_count":0,"mcp_failure_count":1,"mcp_tool_usage":"splunk_run_query","tool_name":"splunk_run_query","duration_ms":8070.42,"average_investigation_time":8070.42,"status":"failure","error":"","sourcetype":"aiops-mcp-metrics"}
{"timestamp":"2026-06-14T03:32:46Z","mcp_query_count":1,"mcp_success_count":0,"mcp_failure_count":1,"mcp_tool_usage":"splunk_run_query","tool_name":"splunk_run_query","duration_ms":8081.97,"average_investigation_time":8081.97,"status":"failure","error":"","sourcetype":"aiops-mcp-metrics"}
{"timestamp":"2026-06-14T03:32:53Z","mcp_query_count":1,"mcp_success_count":0,"mcp_failure_count":1,"mcp_tool_usage":"splunk_run_query","tool_name":"splunk_run_query","duration_ms":8084.35,"average_investigation_time":8084.35,"status":"failure","error":"","sourcetype":"aiops-mcp-metrics"}
{"timestamp":"2026-06-14T03:32:54Z","mcp_query_count":1,"mcp_success_count":0,"mcp_failure_count":1,"mcp_tool_usage":"splunk_run_query","tool_name":"splunk_run_query","duration_ms":8242.13,"average_investigation_time":8242.13,"status":"failure","error":"","sourcetype":"aiops-mcp-metrics"}
{"timestamp":"2026-06-14T03:32:55Z","mcp_query_count":1,"mcp_success_count":0,"mcp_failure_count":1,"mcp_tool_usage":"splunk_run_query","tool_name":"splunk_run_query","duration_ms":8435.28,"average_investigation_time":8435.28,"status":"failure","error":"","sourcetype":"aiops-mcp-metrics"}
{"timestamp":"2026-06-14T03:33:03Z","mcp_query_count":1,"mcp_success_count":0,"mcp_failure_count":1,"mcp_tool_usage":"splunk_run_query","tool_name":"splunk_run_query","duration_ms":8787.62,"average_investigation_time":8787.62,"status":"failure","error":"","sourcetype":"aiops-mcp-metrics"}
{"timestamp":"2026-06-14T03:33:03Z","mcp_query_count":1,"mcp_success_count":0,"mcp_failure_count":1,"mcp_tool_usage":"splunk_run_query","tool_name":"splunk_run_query","duration_ms":8145.42,"average_investigation_time":8145.42,"status":"failure","error":"","sourcetype":"aiops-mcp-metrics"}
{"timestamp":"2026-06-14T03:33:11Z","mcp_query_count":1,"mcp_success_count":0,"mcp_failure_count":1,"mcp_tool_usage":"splunk_run_query","tool_name":"splunk_run_query","duration_ms":8403.54,"average_investigation_time":8403.54,"status":"failure","error":"","sourcetype":"aiops-mcp-metrics"}
{"timestamp":"2026-06-14T03:33:11Z","mcp_query_count":1,"mcp_success_count":0,"mcp_failure_count":1,"mcp_tool_usage":"splunk_run_query","tool_name":"splunk_run_query","duration_ms":8402.97,"average_investigation_time":8402.97,"status":"failure","error":"","sourcetype":"aiops-mcp-metrics"}
{"timestamp":"2026-06-14T03:33:16Z","mcp_query_count":1,"mcp_success_count":0,"mcp_failure_count":1,"mcp_tool_usage":"splunk_run_query","tool_name":"splunk_run_query","duration_ms":8095.11,"average_investigation_time":8095.11,"status":"failure","error":"","sourcetype":"aiops-mcp-metrics"}
{"timestamp":"2026-06-14T03:33:20Z","mcp_query_count":1,"mcp_success_count":0,"mcp_failure_count":1,"mcp_tool_usage":"splunk_run_query","tool_name":"splunk_run_query","duration_ms":8544.86,"average_investigation_time":8544.86,"status":"failure","error":"","sourcetype":"aiops-mcp-metrics"}
{"timestamp":"2026-06-14T03:33:24Z","mcp_query_count":1,"mcp_success_count":0,"mcp_failure_count":1,"mcp_tool_usage":"splunk_run_query","tool_name":"splunk_run_query","duration_ms":8112.82,"average_investigation_time":8112.82,"status":"failure","error":"","sourcetype":"aiops-mcp-metrics"}
{"timestamp":"2026-06-14T03:33:32Z","mcp_query_count":1,"mcp_success_count":0,"mcp_failure_count":1,"mcp_tool_usage":"splunk_run_query","tool_name":"splunk_run_query","duration_ms":8090.01,"average_investigation_time":8090.01,"status":"failure","error":"","sourcetype":"aiops-mcp-metrics"}
{"timestamp":"2026-06-14T03:34:19Z","mcp_query_count":1,"mcp_success_count":1,"mcp_failure_count":0,"mcp_tool_usage":"splunk_run_query","tool_name":"splunk_run_query","duration_ms":6426.5,"average_investigation_time":6426.5,"status":"success","sourcetype":"aiops-mcp-metrics"}
{"timestamp":"2026-06-14T03:34:25Z","mcp_query_count":1,"mcp_success_count":1,"mcp_failure_count":0,"mcp_tool_usage":"splunk_run_query","tool_name":"splunk_run_query","duration_ms":5836.49,"average_investigation_time":5836.49,"status":"success","sourcetype":"aiops-mcp-metrics"}
{"timestamp":"2026-06-14T03:34:30Z","mcp_query_count":1,"mcp_success_count":1,"mcp_failure_count":0,"mcp_tool_usage":"splunk_run_query","tool_name":"splunk_run_query","duration_ms":5272.92,"average_investigation_time":5272.92,"status":"success","sourcetype":"aiops-mcp-metrics"}
{"timestamp":"2026-06-14T03:34:33Z","mcp_query_count":1,"mcp_success_count":1,"mcp_failure_count":0,"mcp_tool_usage":"splunk_run_query","tool_name":"splunk_run_query","duration_ms":3145.96,"average_investigation_time":3145.96,"status":"success","sourcetype":"aiops-mcp-metrics"}
{"timestamp":"2026-06-14T03:36:57Z","mcp_query_count":1,"mcp_success_count":0,"mcp_failure_count":1,"mcp_tool_usage":"splunk_run_query","tool_name":"splunk_run_query","duration_ms":8128.82,"average_investigation_time":8128.82,"status":"failure","error":"","sourcetype":"aiops-mcp-metrics"}
{"timestamp":"2026-06-14T03:37:05Z","mcp_query_count":1,"mcp_success_count":0,"mcp_failure_count":1,"mcp_tool_usage":"splunk_run_query","tool_name":"splunk_run_query","duration_ms":8033.21,"average_investigation_time":8033.21,"status":"failure","error":"","sourcetype":"aiops-mcp-metrics"}
{"timestamp":"2026-06-14T03:44:25Z","mcp_query_count":1,"mcp_success_count":0,"mcp_failure_count":1,"mcp_tool_usage":"splunk_run_query","tool_name":"splunk_run_query","duration_ms":8110.25,"average_investigation_time":8110.25,"status":"failure","error":"","sourcetype":"aiops-mcp-metrics"}
{"timestamp":"2026-06-14T03:44:33Z","mcp_query_count":1,"mcp_success_count":0,"mcp_failure_count":1,"mcp_tool_usage":"splunk_run_query","tool_name":"splunk_run_query","duration_ms":8064.35,"average_investigation_time":8064.35,"status":"failure","error":"","sourcetype":"aiops-mcp-metrics"}
{"timestamp":"2026-06-14T03:44:38Z","mcp_query_count":1,"mcp_success_count":1,"mcp_failure_count":0,"mcp_tool_usage":"splunk_run_query","tool_name":"splunk_run_query","duration_ms":4292.1,"average_investigation_time":4292.1,"status":"success","sourcetype":"aiops-mcp-metrics"}
{"timestamp":"2026-06-14T03:54:21Z","mcp_query_count":1,"mcp_success_count":1,"mcp_failure_count":0,"mcp_tool_usage":"splunk_run_query","tool_name":"splunk_run_query","duration_ms":5324.58,"average_investigation_time":5324.58,"status":"success","sourcetype":"aiops-mcp-metrics"}
{"timestamp":"2026-06-14T03:54:24Z","mcp_query_count":1,"mcp_success_count":1,"mcp_failure_count":0,"mcp_tool_usage":"splunk_run_query","tool_name":"splunk_run_query","duration_ms":3173.15,"average_investigation_time":3173.15,"status":"success","sourcetype":"aiops-mcp-metrics"}
{"timestamp":"2026-06-14T03:54:28Z","mcp_query_count":1,"mcp_success_count":1,"mcp_failure_count":0,"mcp_tool_usage":"splunk_run_query","tool_name":"splunk_run_query","duration_ms":3698.25,"average_investigation_time":3698.25,"status":"success","sourcetype":"aiops-mcp-metrics"}
{"timestamp":"2026-06-14T03:54:31Z","mcp_query_count":1,"mcp_success_count":1,"mcp_failure_count":0,"mcp_tool_usage":"splunk_run_query","tool_name":"splunk_run_query","duration_ms":3665.26,"average_investigation_time":3665.26,"status":"success","sourcetype":"aiops-mcp-metrics"}
{"timestamp":"2026-06-14T03:54:55Z","mcp_query_count":1,"mcp_success_count":1,"mcp_failure_count":0,"mcp_tool_usage":"splunk_run_query","tool_name":"splunk_run_query","duration_ms":7370.48,"average_investigation_time":7370.48,"status":"success","sourcetype":"aiops-mcp-metrics"}
{"timestamp":"2026-06-14T03:55:00Z","mcp_query_count":1,"mcp_success_count":1,"mcp_failure_count":0,"mcp_tool_usage":"splunk_run_query","tool_name":"splunk_run_query","duration_ms":4816.42,"average_investigation_time":4816.42,"status":"success","sourcetype":"aiops-mcp-metrics"}
{"timestamp":"2026-06-14T03:55:05Z","mcp_query_count":1,"mcp_success_count":1,"mcp_failure_count":0,"mcp_tool_usage":"splunk_run_query","tool_name":"splunk_run_query","duration_ms":4964.3,"average_investigation_time":4964.3,"status":"success","sourcetype":"aiops-mcp-metrics"}
{"timestamp":"2026-06-14T03:55:47Z","mcp_query_count":1,"mcp_success_count":1,"mcp_failure_count":0,"mcp_tool_usage":"splunk_run_query","tool_name":"splunk_run_query","duration_ms":5146.34,"average_investigation_time":5146.34,"status":"success","sourcetype":"aiops-mcp-metrics"}
{"timestamp":"2026-06-14T03:55:52Z","mcp_query_count":1,"mcp_success_count":1,"mcp_failure_count":0,"mcp_tool_usage":"splunk_run_query","tool_name":"splunk_run_query","duration_ms":4816.88,"average_investigation_time":4816.88,"status":"success","sourcetype":"aiops-mcp-metrics"}
{"timestamp":"2026-06-14T03:55:57Z","mcp_query_count":1,"mcp_success_count":1,"mcp_failure_count":0,"mcp_tool_usage":"splunk_run_query","tool_name":"splunk_run_query","duration_ms":4912.8,"average_investigation_time":4912.8,"status":"success","sourcetype":"aiops-mcp-metrics"}
{"timestamp":"2026-06-14T04:01:55Z","mcp_query_count":1,"mcp_success_count":0,"mcp_failure_count":1,"mcp_tool_usage":"splunk_run_query","tool_name":"splunk_run_query","duration_ms":8133.06,"average_investigation_time":8133.06,"status":"failure","error":"","sourcetype":"aiops-mcp-metrics"}
{"timestamp":"2026-06-14T04:02:03Z","mcp_query_count":1,"mcp_success_count":0,"mcp_failure_count":1,"mcp_tool_usage":"splunk_run_query","tool_name":"splunk_run_query","duration_ms":8104.29,"average_investigation_time":8104.29,"status":"failure","error":"","sourcetype":"aiops-mcp-metrics"}
{"timestamp":"2026-06-14T04:04:07Z","mcp_query_count":1,"mcp_success_count":1,"mcp_failure_count":0,"mcp_tool_usage":"splunk_run_query","tool_name":"splunk_run_query","duration_ms":4395.94,"average_investigation_time":4395.94,"status":"success","sourcetype":"aiops-mcp-metrics"}
{"timestamp":"2026-06-14T04:04:11Z","mcp_query_count":1,"mcp_success_count":1,"mcp_failure_count":0,"mcp_tool_usage":"splunk_run_query","tool_name":"splunk_run_query","duration_ms":3764.35,"average_investigation_time":3764.35,"status":"success","sourcetype":"aiops-mcp-metrics"}
{"timestamp":"2026-06-14T04:04:15Z","mcp_query_count":1,"mcp_success_count":1,"mcp_failure_count":0,"mcp_tool_usage":"splunk_run_query","tool_name":"splunk_run_query","duration_ms":4355.86,"average_investigation_time":4355.86,"status":"success","sourcetype":"aiops-mcp-metrics"}
{"timestamp":"2026-06-14T04:05:27Z","mcp_query_count":1,"mcp_success_count":1,"mcp_failure_count":0,"mcp_tool_usage":"splunk_run_query","tool_name":"splunk_run_query","duration_ms":3320.15,"average_investigation_time":3320.15,"status":"success","sourcetype":"aiops-mcp-metrics"}
{"timestamp":"2026-06-14T04:05:29Z","mcp_query_count":1,"mcp_success_count":1,"mcp_failure_count":0,"mcp_tool_usage":"splunk_run_query","tool_name":"splunk_run_query","duration_ms":2656.52,"average_investigation_time":2656.52,"status":"success","sourcetype":"aiops-mcp-metrics"}
{"timestamp":"2026-06-14T04:05:32Z","mcp_query_count":1,"mcp_success_count":1,"mcp_failure_count":0,"mcp_tool_usage":"splunk_run_query","tool_name":"splunk_run_query","duration_ms":3165.54,"average_investigation_time":3165.54,"status":"success","sourcetype":"aiops-mcp-metrics"}
{"timestamp":"2026-06-14T04:05:36Z","mcp_query_count":1,"mcp_success_count":1,"mcp_failure_count":0,"mcp_tool_usage":"splunk_run_query","tool_name":"splunk_run_query","duration_ms":3246.42,"average_investigation_time":3246.42,"status":"success","sourcetype":"aiops-mcp-metrics"}
{"timestamp":"2026-06-14T04:48:19Z","mcp_query_count":1,"mcp_success_count":0,"mcp_failure_count":1,"mcp_tool_usage":"splunk_get_info","tool_name":"splunk_get_info","duration_ms":2269.16,"average_investigation_time":2269.16,"status":"failure","error":"","sourcetype":"aiops-mcp-metrics"}
{"timestamp":"2026-06-14T04:49:10Z","mcp_query_count":1,"mcp_success_count":1,"mcp_failure_count":0,"mcp_tool_usage":"splunk_run_query","tool_name":"splunk_run_query","duration_ms":7315.69,"average_investigation_time":7315.69,"status":"success","sourcetype":"aiops-mcp-metrics"}
{"timestamp":"2026-06-14T04:49:18Z","mcp_query_count":1,"mcp_success_count":0,"mcp_failure_count":1,"mcp_tool_usage":"splunk_run_query","tool_name":"splunk_run_query","duration_ms":8077.63,"average_investigation_time":8077.63,"status":"failure","error":"","sourcetype":"aiops-mcp-metrics"}
{"timestamp":"2026-06-14T04:49:26Z","mcp_query_count":1,"mcp_success_count":0,"mcp_failure_count":1,"mcp_tool_usage":"splunk_run_query","tool_name":"splunk_run_query","duration_ms":8035.65,"average_investigation_time":8035.65,"status":"failure","error":"","sourcetype":"aiops-mcp-metrics"}
{"timestamp":"2026-06-14T04:50:42Z","mcp_query_count":1,"mcp_success_count":0,"mcp_failure_count":1,"mcp_tool_usage":"splunk_run_query","tool_name":"splunk_run_query","duration_ms":8168.53,"average_investigation_time":8168.53,"status":"failure","error":"","sourcetype":"aiops-mcp-metrics"}
{"timestamp":"2026-06-14T04:50:50Z","mcp_query_count":1,"mcp_success_count":1,"mcp_failure_count":0,"mcp_tool_usage":"splunk_run_query","tool_name":"splunk_run_query","duration_ms":7803.38,"average_investigation_time":7803.38,"status":"success","sourcetype":"aiops-mcp-metrics"}
{"timestamp":"2026-06-14T04:50:58Z","mcp_query_count":1,"mcp_success_count":0,"mcp_failure_count":1,"mcp_tool_usage":"splunk_run_query","tool_name":"splunk_run_query","duration_ms":8059.88,"average_investigation_time":8059.88,"status":"failure","error":"","sourcetype":"aiops-mcp-metrics"}
{"timestamp":"2026-06-14T04:59:18Z","mcp_query_count":1,"mcp_success_count":0,"mcp_failure_count":1,"mcp_tool_usage":"splunk_run_query","tool_name":"splunk_run_query","duration_ms":8108.05,"average_investigation_time":8108.05,"status":"failure","error":"","sourcetype":"aiops-mcp-metrics"}
{"timestamp":"2026-06-14T04:59:26Z","mcp_query_count":1,"mcp_success_count":0,"mcp_failure_count":1,"mcp_tool_usage":"splunk_run_query","tool_name":"splunk_run_query","duration_ms":8151.18,"average_investigation_time":8151.18,"status":"failure","error":"","sourcetype":"aiops-mcp-metrics"}
{"timestamp":"2026-06-14T04:59:34Z","mcp_query_count":1,"mcp_success_count":0,"mcp_failure_count":1,"mcp_tool_usage":"splunk_run_query","tool_name":"splunk_run_query","duration_ms":8046.27,"average_investigation_time":8046.27,"status":"failure","error":"","sourcetype":"aiops-mcp-metrics"}
{"timestamp":"2026-06-14T05:09:32Z","mcp_query_count":1,"mcp_success_count":0,"mcp_failure_count":1,"mcp_tool_usage":"splunk_run_query","tool_name":"splunk_run_query","duration_ms":8090.16,"average_investigation_time":8090.16,"status":"failure","error":"","sourcetype":"aiops-mcp-metrics"}
{"timestamp":"2026-06-14T05:09:40Z","mcp_query_count":1,"mcp_success_count":0,"mcp_failure_count":1,"mcp_tool_usage":"splunk_run_query","tool_name":"splunk_run_query","duration_ms":8090.74,"average_investigation_time":8090.74,"status":"failure","error":"","sourcetype":"aiops-mcp-metrics"}
{"timestamp":"2026-06-14T05:09:48Z","mcp_query_count":1,"mcp_success_count":0,"mcp_failure_count":1,"mcp_tool_usage":"splunk_run_query","tool_name":"splunk_run_query","duration_ms":8092.08,"average_investigation_time":8092.08,"status":"failure","error":"","sourcetype":"aiops-mcp-metrics"}
{"timestamp":"2026-06-14T05:12:50Z","mcp_query_count":1,"mcp_success_count":0,"mcp_failure_count":1,"mcp_tool_usage":"splunk_get_info","tool_name":"splunk_get_info","duration_ms":1211.97,"average_investigation_time":1211.97,"status":"failure","error":"","sourcetype":"aiops-mcp-metrics"}
{"timestamp":"2026-06-14T05:19:31Z","mcp_query_count":1,"mcp_success_count":1,"mcp_failure_count":0,"mcp_tool_usage":"splunk_run_query","tool_name":"splunk_run_query","duration_ms":4161.44,"average_investigation_time":4161.44,"status":"success","sourcetype":"aiops-mcp-metrics"}
{"timestamp":"2026-06-14T05:19:33Z","mcp_query_count":1,"mcp_success_count":1,"mcp_failure_count":0,"mcp_tool_usage":"splunk_run_query","tool_name":"splunk_run_query","duration_ms":2162.71,"average_investigation_time":2162.71,"status":"success","sourcetype":"aiops-mcp-metrics"}
{"timestamp":"2026-06-14T05:19:36Z","mcp_query_count":1,"mcp_success_count":1,"mcp_failure_count":0,"mcp_tool_usage":"splunk_run_query","tool_name":"splunk_run_query","duration_ms":3163.32,"average_investigation_time":3163.32,"status":"success","sourcetype":"aiops-mcp-metrics"}
{"timestamp":"2026-06-14T05:19:42Z","mcp_query_count":1,"mcp_success_count":1,"mcp_failure_count":0,"mcp_tool_usage":"splunk_run_query","tool_name":"splunk_run_query","duration_ms":5494.51,"average_investigation_time":5494.51,"status":"success","sourcetype":"aiops-mcp-metrics"}
{"timestamp":"2026-06-14T05:27:02Z","mcp_query_count":1,"mcp_success_count":0,"mcp_failure_count":1,"mcp_tool_usage":"splunk_get_info","tool_name":"splunk_get_info","duration_ms":884.95,"average_investigation_time":884.95,"status":"failure","error":"","sourcetype":"aiops-mcp-metrics"}
{"timestamp":"2026-06-14T05:32:47Z","mcp_query_count":1,"mcp_success_count":0,"mcp_failure_count":1,"mcp_tool_usage":"splunk_get_info","tool_name":"splunk_get_info","duration_ms":2855.36,"average_investigation_time":2855.36,"status":"failure","error":"","sourcetype":"aiops-mcp-metrics"}
{"timestamp":"2026-06-14T05:35:40Z","mcp_query_count":1,"mcp_success_count":0,"mcp_failure_count":1,"mcp_tool_usage":"splunk_get_info","tool_name":"splunk_get_info","duration_ms":861.2,"average_investigation_time":861.2,"status":"failure","error":"","sourcetype":"aiops-mcp-metrics"}
{"timestamp":"2026-06-14T05:36:55Z","mcp_query_count":1,"mcp_success_count":1,"mcp_failure_count":0,"mcp_tool_usage":"splunk_run_query","tool_name":"splunk_run_query","duration_ms":2762.19,"average_investigation_time":2762.19,"status":"success","sourcetype":"aiops-mcp-metrics"}
{"timestamp":"2026-06-14T05:36:58Z","mcp_query_count":1,"mcp_success_count":1,"mcp_failure_count":0,"mcp_tool_usage":"splunk_run_query","tool_name":"splunk_run_query","duration_ms":2642.53,"average_investigation_time":2642.53,"status":"success","sourcetype":"aiops-mcp-metrics"}
{"timestamp":"2026-06-14T05:37:01Z","mcp_query_count":1,"mcp_success_count":1,"mcp_failure_count":0,"mcp_tool_usage":"splunk_run_query","tool_name":"splunk_run_query","duration_ms":2682.65,"average_investigation_time":2682.65,"status":"success","sourcetype":"aiops-mcp-metrics"}
{"timestamp":"2026-06-14T05:37:08Z","mcp_query_count":1,"mcp_success_count":1,"mcp_failure_count":0,"mcp_tool_usage":"splunk_run_query","tool_name":"splunk_run_query","duration_ms":7805.0,"average_investigation_time":7805.0,"status":"success","sourcetype":"aiops-mcp-metrics"}
{"timestamp":"2026-06-14T05:47:42Z","mcp_query_count":1,"mcp_success_count":0,"mcp_failure_count":1,"mcp_tool_usage":"splunk_run_query","tool_name":"splunk_run_query","duration_ms":8119.79,"average_investigation_time":8119.79,"status":"failure","error":"","sourcetype":"aiops-mcp-metrics"}
{"timestamp":"2026-06-14T05:47:50Z","mcp_query_count":1,"mcp_success_count":0,"mcp_failure_count":1,"mcp_tool_usage":"splunk_run_query","tool_name":"splunk_run_query","duration_ms":8055.78,"average_investigation_time":8055.78,"status":"failure","error":"","sourcetype":"aiops-mcp-metrics"}
{"timestamp":"2026-06-14T05:47:58Z","mcp_query_count":1,"mcp_success_count":0,"mcp_failure_count":1,"mcp_tool_usage":"splunk_run_query","tool_name":"splunk_run_query","duration_ms":8072.54,"average_investigation_time":8072.54,"status":"failure","error":"","sourcetype":"aiops-mcp-metrics"}
{"timestamp":"2026-06-14T05:57:45Z","mcp_query_count":1,"mcp_success_count":0,"mcp_failure_count":1,"mcp_tool_usage":"splunk_run_query","tool_name":"splunk_run_query","duration_ms":8021.58,"average_investigation_time":8021.58,"status":"failure","error":"","sourcetype":"aiops-mcp-metrics"}
{"timestamp":"2026-06-14T05:57:53Z","mcp_query_count":1,"mcp_success_count":0,"mcp_failure_count":1,"mcp_tool_usage":"splunk_run_query","tool_name":"splunk_run_query","duration_ms":8102.88,"average_investigation_time":8102.88,"status":"failure","error":"","sourcetype":"aiops-mcp-metrics"}
{"timestamp":"2026-06-14T05:58:00Z","mcp_query_count":1,"mcp_success_count":1,"mcp_failure_count":0,"mcp_tool_usage":"splunk_run_query","tool_name":"splunk_run_query","duration_ms":7768.83,"average_investigation_time":7768.83,"status":"success","sourcetype":"aiops-mcp-metrics"}
{"timestamp":"2026-06-14T06:07:49Z","mcp_query_count":1,"mcp_success_count":1,"mcp_failure_count":0,"mcp_tool_usage":"splunk_run_query","tool_name":"splunk_run_query","duration_ms":5926.39,"average_investigation_time":5926.39,"status":"success","sourcetype":"aiops-mcp-metrics"}
{"timestamp":"2026-06-14T06:07:52Z","mcp_query_count":1,"mcp_success_count":1,"mcp_failure_count":0,"mcp_tool_usage":"splunk_run_query","tool_name":"splunk_run_query","duration_ms":2660.51,"average_investigation_time":2660.51,"status":"success","sourcetype":"aiops-mcp-metrics"}
{"timestamp":"2026-06-14T06:07:59Z","mcp_query_count":1,"mcp_success_count":1,"mcp_failure_count":0,"mcp_tool_usage":"splunk_run_query","tool_name":"splunk_run_query","duration_ms":6870.28,"average_investigation_time":6870.28,"status":"success","sourcetype":"aiops-mcp-metrics"}
{"timestamp":"2026-06-14T06:08:03Z","mcp_query_count":1,"mcp_success_count":1,"mcp_failure_count":0,"mcp_tool_usage":"splunk_run_query","tool_name":"splunk_run_query","duration_ms":3871.66,"average_investigation_time":3871.66,"status":"success","sourcetype":"aiops-mcp-metrics"}
{"timestamp":"2026-06-14T06:18:16Z","mcp_query_count":1,"mcp_success_count":1,"mcp_failure_count":0,"mcp_tool_usage":"splunk_run_query","tool_name":"splunk_run_query","duration_ms":5371.41,"average_investigation_time":5371.41,"status":"success","sourcetype":"aiops-mcp-metrics"}
{"timestamp":"2026-06-14T06:18:21Z","mcp_query_count":1,"mcp_success_count":1,"mcp_failure_count":0,"mcp_tool_usage":"splunk_run_query","tool_name":"splunk_run_query","duration_ms":5430.91,"average_investigation_time":5430.91,"status":"success","sourcetype":"aiops-mcp-metrics"}
{"timestamp":"2026-06-14T06:18:29Z","mcp_query_count":1,"mcp_success_count":0,"mcp_failure_count":1,"mcp_tool_usage":"splunk_run_query","tool_name":"splunk_run_query","duration_ms":8032.91,"average_investigation_time":8032.91,"status":"failure","error":"","sourcetype":"aiops-mcp-metrics"}
{"timestamp":"2026-06-14T06:18:36Z","mcp_query_count":1,"mcp_success_count":1,"mcp_failure_count":0,"mcp_tool_usage":"splunk_run_query","tool_name":"splunk_run_query","duration_ms":7146.59,"average_investigation_time":7146.59,"status":"success","sourcetype":"aiops-mcp-metrics"}
{"timestamp":"2026-06-14T06:25:01Z","mcp_query_count":1,"mcp_success_count":0,"mcp_failure_count":1,"mcp_tool_usage":"splunk_run_query","tool_name":"splunk_run_query","duration_ms":8076.15,"average_investigation_time":8076.15,"status":"failure","error":"","sourcetype":"aiops-mcp-metrics"}
{"timestamp":"2026-06-14T06:25:09Z","mcp_query_count":1,"mcp_success_count":0,"mcp_failure_count":1,"mcp_tool_usage":"splunk_run_query","tool_name":"splunk_run_query","duration_ms":8085.7,"average_investigation_time":8085.7,"status":"failure","error":"","sourcetype":"aiops-mcp-metrics"}
{"timestamp":"2026-06-14T06:28:52Z","mcp_query_count":1,"mcp_success_count":1,"mcp_failure_count":0,"mcp_tool_usage":"splunk_run_query","tool_name":"splunk_run_query","duration_ms":4721.09,"average_investigation_time":4721.09,"status":"success","sourcetype":"aiops-mcp-metrics"}
{"timestamp":"2026-06-14T06:28:55Z","mcp_query_count":1,"mcp_success_count":1,"mcp_failure_count":0,"mcp_tool_usage":"splunk_run_query","tool_name":"splunk_run_query","duration_ms":3180.12,"average_investigation_time":3180.12,"status":"success","sourcetype":"aiops-mcp-metrics"}
{"timestamp":"2026-06-14T06:28:58Z","mcp_query_count":1,"mcp_success_count":1,"mcp_failure_count":0,"mcp_tool_usage":"splunk_run_query","tool_name":"splunk_run_query","duration_ms":2657.28,"average_investigation_time":2657.28,"status":"success","sourcetype":"aiops-mcp-metrics"}
{"timestamp":"2026-06-14T06:29:00Z","mcp_query_count":1,"mcp_success_count":1,"mcp_failure_count":0,"mcp_tool_usage":"splunk_run_query","tool_name":"splunk_run_query","duration_ms":2672.21,"average_investigation_time":2672.21,"status":"success","sourcetype":"aiops-mcp-metrics"}
{"timestamp":"2026-06-14T06:38:54Z","mcp_query_count":1,"mcp_success_count":1,"mcp_failure_count":0,"mcp_tool_usage":"splunk_run_query","tool_name":"splunk_run_query","duration_ms":4729.32,"average_investigation_time":4729.32,"status":"success","sourcetype":"aiops-mcp-metrics"}
{"timestamp":"2026-06-14T06:38:59Z","mcp_query_count":1,"mcp_success_count":1,"mcp_failure_count":0,"mcp_tool_usage":"splunk_run_query","tool_name":"splunk_run_query","duration_ms":4853.33,"average_investigation_time":4853.33,"status":"success","sourcetype":"aiops-mcp-metrics"}
{"timestamp":"2026-06-14T06:39:03Z","mcp_query_count":1,"mcp_success_count":1,"mcp_failure_count":0,"mcp_tool_usage":"splunk_run_query","tool_name":"splunk_run_query","duration_ms":4256.08,"average_investigation_time":4256.08,"status":"success","sourcetype":"aiops-mcp-metrics"}
{"timestamp":"2026-06-14T06:39:07Z","mcp_query_count":1,"mcp_success_count":1,"mcp_failure_count":0,"mcp_tool_usage":"splunk_run_query","tool_name":"splunk_run_query","duration_ms":4227.84,"average_investigation_time":4227.84,"status":"success","sourcetype":"aiops-mcp-metrics"}
{"timestamp":"2026-06-14T06:49:20Z","mcp_query_count":1,"mcp_success_count":1,"mcp_failure_count":0,"mcp_tool_usage":"splunk_run_query","tool_name":"splunk_run_query","duration_ms":7077.12,"average_investigation_time":7077.12,"status":"success","sourcetype":"aiops-mcp-metrics"}
{"timestamp":"2026-06-14T06:49:23Z","mcp_query_count":1,"mcp_success_count":1,"mcp_failure_count":0,"mcp_tool_usage":"splunk_run_query","tool_name":"splunk_run_query","duration_ms":3167.27,"average_investigation_time":3167.27,"status":"success","sourcetype":"aiops-mcp-metrics"}
{"timestamp":"2026-06-14T06:49:26Z","mcp_query_count":1,"mcp_success_count":1,"mcp_failure_count":0,"mcp_tool_usage":"splunk_run_query","tool_name":"splunk_run_query","duration_ms":3155.1,"average_investigation_time":3155.1,"status":"success","sourcetype":"aiops-mcp-metrics"}
{"timestamp":"2026-06-14T06:49:29Z","mcp_query_count":1,"mcp_success_count":1,"mcp_failure_count":0,"mcp_tool_usage":"splunk_run_query","tool_name":"splunk_run_query","duration_ms":2663.2,"average_investigation_time":2663.2,"status":"success","sourcetype":"aiops-mcp-metrics"}
{"timestamp":"2026-06-14T06:59:35Z","mcp_query_count":1,"mcp_success_count":1,"mcp_failure_count":0,"mcp_tool_usage":"splunk_run_query","tool_name":"splunk_run_query","duration_ms":4237.6,"average_investigation_time":4237.6,"status":"success","sourcetype":"aiops-mcp-metrics"}
{"timestamp":"2026-06-14T06:59:38Z","mcp_query_count":1,"mcp_success_count":1,"mcp_failure_count":0,"mcp_tool_usage":"splunk_run_query","tool_name":"splunk_run_query","duration_ms":2665.86,"average_investigation_time":2665.86,"status":"success","sourcetype":"aiops-mcp-metrics"}
{"timestamp":"2026-06-14T06:59:41Z","mcp_query_count":1,"mcp_success_count":1,"mcp_failure_count":0,"mcp_tool_usage":"splunk_run_query","tool_name":"splunk_run_query","duration_ms":2711.88,"average_investigation_time":2711.88,"status":"success","sourcetype":"aiops-mcp-metrics"}
{"timestamp":"2026-06-14T06:59:43Z","mcp_query_count":1,"mcp_success_count":1,"mcp_failure_count":0,"mcp_tool_usage":"splunk_run_query","tool_name":"splunk_run_query","duration_ms":2648.79,"average_investigation_time":2648.79,"status":"success","sourcetype":"aiops-mcp-metrics"}
{"timestamp":"2026-06-14T07:10:00Z","mcp_query_count":1,"mcp_success_count":0,"mcp_failure_count":1,"mcp_tool_usage":"splunk_run_query","tool_name":"splunk_run_query","duration_ms":8033.34,"average_investigation_time":8033.34,"status":"failure","error":"","sourcetype":"aiops-mcp-metrics"}
{"timestamp":"2026-06-14T07:10:08Z","mcp_query_count":1,"mcp_success_count":0,"mcp_failure_count":1,"mcp_tool_usage":"splunk_run_query","tool_name":"splunk_run_query","duration_ms":8024.02,"average_investigation_time":8024.02,"status":"failure","error":"","sourcetype":"aiops-mcp-metrics"}
{"timestamp":"2026-06-14T07:10:14Z","mcp_query_count":1,"mcp_success_count":1,"mcp_failure_count":0,"mcp_tool_usage":"splunk_run_query","tool_name":"splunk_run_query","duration_ms":6222.25,"average_investigation_time":6222.25,"status":"success","sourcetype":"aiops-mcp-metrics"}
{"timestamp":"2026-06-14T07:10:42Z","mcp_query_count":1,"mcp_success_count":0,"mcp_failure_count":1,"mcp_tool_usage":"splunk_get_info","tool_name":"splunk_get_info","duration_ms":893.05,"average_investigation_time":893.05,"status":"failure","error":"","sourcetype":"aiops-mcp-metrics"}
{"timestamp":"2026-06-14T07:14:12Z","mcp_query_count":1,"mcp_success_count":0,"mcp_failure_count":1,"mcp_tool_usage":"splunk_run_query","tool_name":"splunk_run_query","duration_ms":8218.0,"average_investigation_time":8218.0,"status":"failure","error":"","sourcetype":"aiops-mcp-metrics"}
{"timestamp":"2026-06-14T07:14:20Z","mcp_query_count":1,"mcp_success_count":0,"mcp_failure_count":1,"mcp_tool_usage":"splunk_run_query","tool_name":"splunk_run_query","duration_ms":8092.57,"average_investigation_time":8092.57,"status":"failure","error":"","sourcetype":"aiops-mcp-metrics"}
{"timestamp":"2026-06-14T07:20:24Z","mcp_query_count":1,"mcp_success_count":0,"mcp_failure_count":1,"mcp_tool_usage":"splunk_run_query","tool_name":"splunk_run_query","duration_ms":8182.07,"average_investigation_time":8182.07,"status":"failure","error":"","sourcetype":"aiops-mcp-metrics"}
{"timestamp":"2026-06-14T07:20:32Z","mcp_query_count":1,"mcp_success_count":0,"mcp_failure_count":1,"mcp_tool_usage":"splunk_run_query","tool_name":"splunk_run_query","duration_ms":8159.27,"average_investigation_time":8159.27,"status":"failure","error":"","sourcetype":"aiops-mcp-metrics"}
{"timestamp":"2026-06-14T07:20:41Z","mcp_query_count":1,"mcp_success_count":0,"mcp_failure_count":1,"mcp_tool_usage":"splunk_run_query","tool_name":"splunk_run_query","duration_ms":8084.44,"average_investigation_time":8084.44,"status":"failure","error":"","sourcetype":"aiops-mcp-metrics"}
{"timestamp":"2026-06-14T07:32:00Z","mcp_query_count":1,"mcp_success_count":0,"mcp_failure_count":1,"mcp_tool_usage":"splunk_run_query","tool_name":"splunk_run_query","duration_ms":8109.83,"average_investigation_time":8109.83,"status":"failure","error":"","sourcetype":"aiops-mcp-metrics"}
{"timestamp":"2026-06-14T07:32:08Z","mcp_query_count":1,"mcp_success_count":0,"mcp_failure_count":1,"mcp_tool_usage":"splunk_run_query","tool_name":"splunk_run_query","duration_ms":8039.06,"average_investigation_time":8039.06,"status":"failure","error":"","sourcetype":"aiops-mcp-metrics"}
{"timestamp":"2026-06-14T07:32:16Z","mcp_query_count":1,"mcp_success_count":0,"mcp_failure_count":1,"mcp_tool_usage":"splunk_run_query","tool_name":"splunk_run_query","duration_ms":8037.74,"average_investigation_time":8037.74,"status":"failure","error":"","sourcetype":"aiops-mcp-metrics"}
{"timestamp":"2026-06-14T07:43:15Z","mcp_query_count":1,"mcp_success_count":1,"mcp_failure_count":0,"mcp_tool_usage":"splunk_run_query","tool_name":"splunk_run_query","duration_ms":6024.83,"average_investigation_time":6024.83,"status":"success","sourcetype":"aiops-mcp-metrics"}
{"timestamp":"2026-06-14T07:43:19Z","mcp_query_count":1,"mcp_success_count":1,"mcp_failure_count":0,"mcp_tool_usage":"splunk_run_query","tool_name":"splunk_run_query","duration_ms":3668.84,"average_investigation_time":3668.84,"status":"success","sourcetype":"aiops-mcp-metrics"}
{"timestamp":"2026-06-14T07:43:27Z","mcp_query_count":1,"mcp_success_count":0,"mcp_failure_count":1,"mcp_tool_usage":"splunk_run_query","tool_name":"splunk_run_query","duration_ms":8060.85,"average_investigation_time":8060.85,"status":"failure","error":"","sourcetype":"aiops-mcp-metrics"}
{"timestamp":"2026-06-14T07:43:38Z","mcp_query_count":1,"mcp_success_count":1,"mcp_failure_count":0,"mcp_tool_usage":"splunk_run_query","tool_name":"splunk_run_query","duration_ms":3936.49,"average_investigation_time":3936.49,"status":"success","sourcetype":"aiops-mcp-metrics"}
{"timestamp":"2026-06-14T07:43:46Z","mcp_query_count":1,"mcp_success_count":0,"mcp_failure_count":1,"mcp_tool_usage":"splunk_run_query","tool_name":"splunk_run_query","duration_ms":8046.76,"average_investigation_time":8046.76,"status":"failure","error":"","sourcetype":"aiops-mcp-metrics"}
{"timestamp":"2026-06-14T07:44:34Z","mcp_query_count":1,"mcp_success_count":1,"mcp_failure_count":0,"mcp_tool_usage":"splunk_run_query","tool_name":"splunk_run_query","duration_ms":4204.33,"average_investigation_time":4204.33,"status":"success","sourcetype":"aiops-mcp-metrics"}
{"timestamp":"2026-06-14T07:44:37Z","mcp_query_count":1,"mcp_success_count":1,"mcp_failure_count":0,"mcp_tool_usage":"splunk_run_query","tool_name":"splunk_run_query","duration_ms":2144.95,"average_investigation_time":2144.95,"status":"success","sourcetype":"aiops-mcp-metrics"}
{"timestamp":"2026-06-14T07:44:39Z","mcp_query_count":1,"mcp_success_count":1,"mcp_failure_count":0,"mcp_tool_usage":"splunk_run_query","tool_name":"splunk_run_query","duration_ms":2675.56,"average_investigation_time":2675.56,"status":"success","sourcetype":"aiops-mcp-metrics"}
{"timestamp":"2026-06-14T07:44:42Z","mcp_query_count":1,"mcp_success_count":1,"mcp_failure_count":0,"mcp_tool_usage":"splunk_run_query","tool_name":"splunk_run_query","duration_ms":3170.72,"average_investigation_time":3170.72,"status":"success","sourcetype":"aiops-mcp-metrics"}
{"timestamp":"2026-06-14T07:51:21Z","mcp_query_count":1,"mcp_success_count":1,"mcp_failure_count":0,"mcp_tool_usage":"splunk_run_query","tool_name":"splunk_run_query","duration_ms":6953.64,"average_investigation_time":6953.64,"status":"success","sourcetype":"aiops-mcp-metrics"}
{"timestamp":"2026-06-14T07:51:29Z","mcp_query_count":1,"mcp_success_count":0,"mcp_failure_count":1,"mcp_tool_usage":"splunk_run_query","tool_name":"splunk_run_query","duration_ms":8028.18,"average_investigation_time":8028.18,"status":"failure","error":"","sourcetype":"aiops-mcp-metrics"}
{"timestamp":"2026-06-14T07:54:53Z","mcp_query_count":1,"mcp_success_count":1,"mcp_failure_count":0,"mcp_tool_usage":"splunk_run_query","tool_name":"splunk_run_query","duration_ms":5256.96,"average_investigation_time":5256.96,"status":"success","sourcetype":"aiops-mcp-metrics"}
{"timestamp":"2026-06-14T07:54:57Z","mcp_query_count":1,"mcp_success_count":1,"mcp_failure_count":0,"mcp_tool_usage":"splunk_run_query","tool_name":"splunk_run_query","duration_ms":3212.63,"average_investigation_time":3212.63,"status":"success","sourcetype":"aiops-mcp-metrics"}
{"timestamp":"2026-06-14T07:55:00Z","mcp_query_count":1,"mcp_success_count":1,"mcp_failure_count":0,"mcp_tool_usage":"splunk_run_query","tool_name":"splunk_run_query","duration_ms":3689.35,"average_investigation_time":3689.35,"status":"success","sourcetype":"aiops-mcp-metrics"}
{"timestamp":"2026-06-14T07:55:04Z","mcp_query_count":1,"mcp_success_count":1,"mcp_failure_count":0,"mcp_tool_usage":"splunk_run_query","tool_name":"splunk_run_query","duration_ms":3742.19,"average_investigation_time":3742.19,"status":"success","sourcetype":"aiops-mcp-metrics"}
{"timestamp":"2026-06-14T08:04:53Z","mcp_query_count":1,"mcp_success_count":1,"mcp_failure_count":0,"mcp_tool_usage":"splunk_run_query","tool_name":"splunk_run_query","duration_ms":2846.26,"average_investigation_time":2846.26,"status":"success","sourcetype":"aiops-mcp-metrics"}
{"timestamp":"2026-06-14T08:04:56Z","mcp_query_count":1,"mcp_success_count":1,"mcp_failure_count":0,"mcp_tool_usage":"splunk_run_query","tool_name":"splunk_run_query","duration_ms":3184.61,"average_investigation_time":3184.61,"status":"success","sourcetype":"aiops-mcp-metrics"}
{"timestamp":"2026-06-14T08:05:02Z","mcp_query_count":1,"mcp_success_count":1,"mcp_failure_count":0,"mcp_tool_usage":"splunk_run_query","tool_name":"splunk_run_query","duration_ms":5841.2,"average_investigation_time":5841.2,"status":"success","sourcetype":"aiops-mcp-metrics"}
{"timestamp":"2026-06-14T08:05:06Z","mcp_query_count":1,"mcp_success_count":1,"mcp_failure_count":0,"mcp_tool_usage":"splunk_run_query","tool_name":"splunk_run_query","duration_ms":4169.79,"average_investigation_time":4169.79,"status":"success","sourcetype":"aiops-mcp-metrics"}
{"timestamp":"2026-06-14T08:39:25Z","mcp_query_count":1,"mcp_success_count":0,"mcp_failure_count":1,"mcp_tool_usage":"splunk_get_info","tool_name":"splunk_get_info","duration_ms":2053.02,"average_investigation_time":2053.02,"status":"failure","error":"","sourcetype":"aiops-mcp-metrics"}
{"timestamp":"2026-06-14T08:46:31Z","mcp_query_count":1,"mcp_success_count":1,"mcp_failure_count":0,"mcp_tool_usage":"splunk_run_query","tool_name":"splunk_run_query","duration_ms":6036.65,"average_investigation_time":6036.65,"status":"success","sourcetype":"aiops-mcp-metrics"}
{"timestamp":"2026-06-14T08:46:36Z","mcp_query_count":1,"mcp_success_count":1,"mcp_failure_count":0,"mcp_tool_usage":"splunk_run_query","tool_name":"splunk_run_query","duration_ms":4912.05,"average_investigation_time":4912.05,"status":"success","sourcetype":"aiops-mcp-metrics"}
{"timestamp":"2026-06-14T08:47:36Z","mcp_query_count":1,"mcp_success_count":1,"mcp_failure_count":0,"mcp_tool_usage":"splunk_run_query","tool_name":"splunk_run_query","duration_ms":3915.95,"average_investigation_time":3915.95,"status":"success","sourcetype":"aiops-mcp-metrics"}
{"timestamp":"2026-06-14T08:47:38Z","mcp_query_count":1,"mcp_success_count":1,"mcp_failure_count":0,"mcp_tool_usage":"splunk_run_query","tool_name":"splunk_run_query","duration_ms":2641.68,"average_investigation_time":2641.68,"status":"success","sourcetype":"aiops-mcp-metrics"}
{"timestamp":"2026-06-14T08:47:42Z","mcp_query_count":1,"mcp_success_count":1,"mcp_failure_count":0,"mcp_tool_usage":"splunk_run_query","tool_name":"splunk_run_query","duration_ms":3210.14,"average_investigation_time":3210.14,"status":"success","sourcetype":"aiops-mcp-metrics"}
{"timestamp":"2026-06-14T08:56:36Z","mcp_query_count":1,"mcp_success_count":0,"mcp_failure_count":1,"mcp_tool_usage":"splunk_run_query","tool_name":"splunk_run_query","duration_ms":8331.29,"average_investigation_time":8331.29,"status":"failure","error":"","sourcetype":"aiops-mcp-metrics"}
{"timestamp":"2026-06-14T08:56:45Z","mcp_query_count":1,"mcp_success_count":0,"mcp_failure_count":1,"mcp_tool_usage":"splunk_run_query","tool_name":"splunk_run_query","duration_ms":8278.14,"average_investigation_time":8278.14,"status":"failure","error":"","sourcetype":"aiops-mcp-metrics"}
{"timestamp":"2026-06-14T08:56:54Z","mcp_query_count":1,"mcp_success_count":0,"mcp_failure_count":1,"mcp_tool_usage":"splunk_run_query","tool_name":"splunk_run_query","duration_ms":8881.23,"average_investigation_time":8881.23,"status":"failure","error":"","sourcetype":"aiops-mcp-metrics"}
{"timestamp":"2026-06-14T09:06:32Z","mcp_query_count":1,"mcp_success_count":1,"mcp_failure_count":0,"mcp_tool_usage":"splunk_run_query","tool_name":"splunk_run_query","duration_ms":4192.39,"average_investigation_time":4192.39,"status":"success","sourcetype":"aiops-mcp-metrics"}
{"timestamp":"2026-06-14T09:06:35Z","mcp_query_count":1,"mcp_success_count":1,"mcp_failure_count":0,"mcp_tool_usage":"splunk_run_query","tool_name":"splunk_run_query","duration_ms":2682.71,"average_investigation_time":2682.71,"status":"success","sourcetype":"aiops-mcp-metrics"}
{"timestamp":"2026-06-14T09:16:32Z","mcp_query_count":1,"mcp_success_count":1,"mcp_failure_count":0,"mcp_tool_usage":"splunk_run_query","tool_name":"splunk_run_query","duration_ms":2670.35,"average_investigation_time":2670.35,"status":"success","sourcetype":"aiops-mcp-metrics"}
{"timestamp":"2026-06-14T09:16:35Z","mcp_query_count":1,"mcp_success_count":1,"mcp_failure_count":0,"mcp_tool_usage":"splunk_run_query","tool_name":"splunk_run_query","duration_ms":2713.56,"average_investigation_time":2713.56,"status":"success","sourcetype":"aiops-mcp-metrics"}
{"timestamp":"2026-06-14T09:16:37Z","mcp_query_count":1,"mcp_success_count":1,"mcp_failure_count":0,"mcp_tool_usage":"splunk_run_query","tool_name":"splunk_run_query","duration_ms":2658.71,"average_investigation_time":2658.71,"status":"success","sourcetype":"aiops-mcp-metrics"}
{"timestamp":"2026-06-14T09:16:40Z","mcp_query_count":1,"mcp_success_count":1,"mcp_failure_count":0,"mcp_tool_usage":"splunk_run_query","tool_name":"splunk_run_query","duration_ms":2666.57,"average_investigation_time":2666.57,"status":"success","sourcetype":"aiops-mcp-metrics"}
{"timestamp":"2026-06-14T09:27:09Z","mcp_query_count":1,"mcp_success_count":1,"mcp_failure_count":0,"mcp_tool_usage":"splunk_run_query","tool_name":"splunk_run_query","duration_ms":4205.81,"average_investigation_time":4205.81,"status":"success","sourcetype":"aiops-mcp-metrics"}
{"timestamp":"2026-06-14T09:27:13Z","mcp_query_count":1,"mcp_success_count":1,"mcp_failure_count":0,"mcp_tool_usage":"splunk_run_query","tool_name":"splunk_run_query","duration_ms":4306.62,"average_investigation_time":4306.62,"status":"success","sourcetype":"aiops-mcp-metrics"}
{"timestamp":"2026-06-14T09:27:17Z","mcp_query_count":1,"mcp_success_count":1,"mcp_failure_count":0,"mcp_tool_usage":"splunk_run_query","tool_name":"splunk_run_query","duration_ms":3782.43,"average_investigation_time":3782.43,"status":"success","sourcetype":"aiops-mcp-metrics"}
{"timestamp":"2026-06-14T09:27:22Z","mcp_query_count":1,"mcp_success_count":1,"mcp_failure_count":0,"mcp_tool_usage":"splunk_run_query","tool_name":"splunk_run_query","duration_ms":4780.99,"average_investigation_time":4780.99,"status":"success","sourcetype":"aiops-mcp-metrics"}
{"timestamp":"2026-06-14T09:37:40Z","mcp_query_count":1,"mcp_success_count":1,"mcp_failure_count":0,"mcp_tool_usage":"splunk_run_query","tool_name":"splunk_run_query","duration_ms":3398.93,"average_investigation_time":3398.93,"status":"success","sourcetype":"aiops-mcp-metrics"}
{"timestamp":"2026-06-14T09:37:43Z","mcp_query_count":1,"mcp_success_count":1,"mcp_failure_count":0,"mcp_tool_usage":"splunk_run_query","tool_name":"splunk_run_query","duration_ms":3268.22,"average_investigation_time":3268.22,"status":"success","sourcetype":"aiops-mcp-metrics"}
{"timestamp":"2026-06-14T09:37:47Z","mcp_query_count":1,"mcp_success_count":1,"mcp_failure_count":0,"mcp_tool_usage":"splunk_run_query","tool_name":"splunk_run_query","duration_ms":3144.34,"average_investigation_time":3144.34,"status":"success","sourcetype":"aiops-mcp-metrics"}
{"timestamp":"2026-06-14T09:37:49Z","mcp_query_count":1,"mcp_success_count":1,"mcp_failure_count":0,"mcp_tool_usage":"splunk_run_query","tool_name":"splunk_run_query","duration_ms":2655.88,"average_investigation_time":2655.88,"status":"success","sourcetype":"aiops-mcp-metrics"}
{"timestamp":"2026-06-14T09:48:32Z","mcp_query_count":1,"mcp_success_count":1,"mcp_failure_count":0,"mcp_tool_usage":"splunk_run_query","tool_name":"splunk_run_query","duration_ms":3699.57,"average_investigation_time":3699.57,"status":"success","sourcetype":"aiops-mcp-metrics"}
{"timestamp":"2026-06-14T09:48:35Z","mcp_query_count":1,"mcp_success_count":1,"mcp_failure_count":0,"mcp_tool_usage":"splunk_run_query","tool_name":"splunk_run_query","duration_ms":2648.82,"average_investigation_time":2648.82,"status":"success","sourcetype":"aiops-mcp-metrics"}
{"timestamp":"2026-06-14T09:48:38Z","mcp_query_count":1,"mcp_success_count":1,"mcp_failure_count":0,"mcp_tool_usage":"splunk_run_query","tool_name":"splunk_run_query","duration_ms":3183.69,"average_investigation_time":3183.69,"status":"success","sourcetype":"aiops-mcp-metrics"}
{"timestamp":"2026-06-14T09:48:40Z","mcp_query_count":1,"mcp_success_count":1,"mcp_failure_count":0,"mcp_tool_usage":"splunk_run_query","tool_name":"splunk_run_query","duration_ms":2607.36,"average_investigation_time":2607.36,"status":"success","sourcetype":"aiops-mcp-metrics"}
{"timestamp":"2026-06-14T09:58:25Z","mcp_query_count":1,"mcp_success_count":0,"mcp_failure_count":1,"mcp_tool_usage":"splunk_run_query","tool_name":"splunk_run_query","duration_ms":8041.85,"average_investigation_time":8041.85,"status":"failure","error":"","sourcetype":"aiops-mcp-metrics"}
{"timestamp":"2026-06-14T09:58:30Z","mcp_query_count":1,"mcp_success_count":1,"mcp_failure_count":0,"mcp_tool_usage":"splunk_run_query","tool_name":"splunk_run_query","duration_ms":4872.37,"average_investigation_time":4872.37,"status":"success","sourcetype":"aiops-mcp-metrics"}
{"timestamp":"2026-06-14T09:58:33Z","mcp_query_count":1,"mcp_success_count":1,"mcp_failure_count":0,"mcp_tool_usage":"splunk_run_query","tool_name":"splunk_run_query","duration_ms":3172.99,"average_investigation_time":3172.99,"status":"success","sourcetype":"aiops-mcp-metrics"}
{"timestamp":"2026-06-14T09:59:17Z","mcp_query_count":1,"mcp_success_count":1,"mcp_failure_count":0,"mcp_tool_usage":"splunk_run_query","tool_name":"splunk_run_query","duration_ms":3476.58,"average_investigation_time":3476.58,"status":"success","sourcetype":"aiops-mcp-metrics"}
{"timestamp":"2026-06-14T09:59:20Z","mcp_query_count":1,"mcp_success_count":1,"mcp_failure_count":0,"mcp_tool_usage":"splunk_run_query","tool_name":"splunk_run_query","duration_ms":2644.12,"average_investigation_time":2644.12,"status":"success","sourcetype":"aiops-mcp-metrics"}
{"timestamp":"2026-06-14T09:59:23Z","mcp_query_count":1,"mcp_success_count":1,"mcp_failure_count":0,"mcp_tool_usage":"splunk_run_query","tool_name":"splunk_run_query","duration_ms":2701.97,"average_investigation_time":2701.97,"status":"success","sourcetype":"aiops-mcp-metrics"}
{"timestamp":"2026-06-14T09:59:25Z","mcp_query_count":1,"mcp_success_count":1,"mcp_failure_count":0,"mcp_tool_usage":"splunk_run_query","tool_name":"splunk_run_query","duration_ms":2642.93,"average_investigation_time":2642.93,"status":"success","sourcetype":"aiops-mcp-metrics"}
{"timestamp":"2026-06-14T10:09:30Z","mcp_query_count":1,"mcp_success_count":1,"mcp_failure_count":0,"mcp_tool_usage":"splunk_run_query","tool_name":"splunk_run_query","duration_ms":4163.11,"average_investigation_time":4163.11,"status":"success","sourcetype":"aiops-mcp-metrics"}
{"timestamp":"2026-06-14T10:09:32Z","mcp_query_count":1,"mcp_success_count":1,"mcp_failure_count":0,"mcp_tool_usage":"splunk_run_query","tool_name":"splunk_run_query","duration_ms":2668.09,"average_investigation_time":2668.09,"status":"success","sourcetype":"aiops-mcp-metrics"}
{"timestamp":"2026-06-14T10:09:36Z","mcp_query_count":1,"mcp_success_count":1,"mcp_failure_count":0,"mcp_tool_usage":"splunk_run_query","tool_name":"splunk_run_query","duration_ms":3814.56,"average_investigation_time":3814.56,"status":"success","sourcetype":"aiops-mcp-metrics"}
{"timestamp":"2026-06-14T10:09:39Z","mcp_query_count":1,"mcp_success_count":1,"mcp_failure_count":0,"mcp_tool_usage":"splunk_run_query","tool_name":"splunk_run_query","duration_ms":3048.33,"average_investigation_time":3048.33,"status":"success","sourcetype":"aiops-mcp-metrics"}
{"timestamp":"2026-06-14T10:20:00Z","mcp_query_count":1,"mcp_success_count":1,"mcp_failure_count":0,"mcp_tool_usage":"splunk_run_query","tool_name":"splunk_run_query","duration_ms":7519.87,"average_investigation_time":7519.87,"status":"success","sourcetype":"aiops-mcp-metrics"}
{"timestamp":"2026-06-14T10:20:03Z","mcp_query_count":1,"mcp_success_count":1,"mcp_failure_count":0,"mcp_tool_usage":"splunk_run_query","tool_name":"splunk_run_query","duration_ms":2985.67,"average_investigation_time":2985.67,"status":"success","sourcetype":"aiops-mcp-metrics"}
{"timestamp":"2026-06-14T10:20:05Z","mcp_query_count":1,"mcp_success_count":1,"mcp_failure_count":0,"mcp_tool_usage":"splunk_run_query","tool_name":"splunk_run_query","duration_ms":2665.21,"average_investigation_time":2665.21,"status":"success","sourcetype":"aiops-mcp-metrics"}
{"timestamp":"2026-06-14T10:20:07Z","mcp_query_count":1,"mcp_success_count":1,"mcp_failure_count":0,"mcp_tool_usage":"splunk_run_query","tool_name":"splunk_run_query","duration_ms":2135.56,"average_investigation_time":2135.56,"status":"success","sourcetype":"aiops-mcp-metrics"}
{"timestamp":"2026-06-14T10:30:20Z","mcp_query_count":1,"mcp_success_count":1,"mcp_failure_count":0,"mcp_tool_usage":"splunk_run_query","tool_name":"splunk_run_query","duration_ms":5312.19,"average_investigation_time":5312.19,"status":"success","sourcetype":"aiops-mcp-metrics"}
{"timestamp":"2026-06-14T10:30:24Z","mcp_query_count":1,"mcp_success_count":1,"mcp_failure_count":0,"mcp_tool_usage":"splunk_run_query","tool_name":"splunk_run_query","duration_ms":3163.11,"average_investigation_time":3163.11,"status":"success","sourcetype":"aiops-mcp-metrics"}
{"timestamp":"2026-06-14T10:30:27Z","mcp_query_count":1,"mcp_success_count":1,"mcp_failure_count":0,"mcp_tool_usage":"splunk_run_query","tool_name":"splunk_run_query","duration_ms":3207.81,"average_investigation_time":3207.81,"status":"success","sourcetype":"aiops-mcp-metrics"}
{"timestamp":"2026-06-14T10:30:30Z","mcp_query_count":1,"mcp_success_count":1,"mcp_failure_count":0,"mcp_tool_usage":"splunk_run_query","tool_name":"splunk_run_query","duration_ms":3145.9,"average_investigation_time":3145.9,"status":"success","sourcetype":"aiops-mcp-metrics"}
